id,id_user,id_pair,similar
1,08a4dcef576a4e69bfcc18395b3678e3,29,No
2,08a4dcef576a4e69bfcc18395b3678e3,54,Yes
3,08a4dcef576a4e69bfcc18395b3678e3,8,No
4,08a4dcef576a4e69bfcc18395b3678e3,22,No
5,08a4dcef576a4e69bfcc18395b3678e3,57,No
11,5ed8d6ce41c445cd8917b7e7f0d89a20,92,No
12,5ed8d6ce41c445cd8917b7e7f0d89a20,91,Yes
13,5ed8d6ce41c445cd8917b7e7f0d89a20,49,Yes
14,5ed8d6ce41c445cd8917b7e7f0d89a20,32,No
15,5ed8d6ce41c445cd8917b7e7f0d89a20,29,Yes
16,f302c3faa4554d5f963a1edb953dbd55,76,No
17,f302c3faa4554d5f963a1edb953dbd55,30,No
18,f302c3faa4554d5f963a1edb953dbd55,27,Yes
19,f302c3faa4554d5f963a1edb953dbd55,22,No
20,f302c3faa4554d5f963a1edb953dbd55,84,Yes
21,ec6b412c471942708c0695896f25fbef,21,Yes
22,ec6b412c471942708c0695896f25fbef,54,Yes
23,ec6b412c471942708c0695896f25fbef,13,No
24,ec6b412c471942708c0695896f25fbef,32,Yes
25,ec6b412c471942708c0695896f25fbef,27,Yes
26,f9146049448a4bb3b23a2d9dd6041bc5,22,No
27,f9146049448a4bb3b23a2d9dd6041bc5,74,Yes
28,f9146049448a4bb3b23a2d9dd6041bc5,8,Yes
29,f9146049448a4bb3b23a2d9dd6041bc5,60,Yes
30,f9146049448a4bb3b23a2d9dd6041bc5,30,No
31,f85f310c4fa84c73bb83b5e08125bd48,50,No
32,f85f310c4fa84c73bb83b5e08125bd48,44,No
33,f85f310c4fa84c73bb83b5e08125bd48,38,Yes
34,f85f310c4fa84c73bb83b5e08125bd48,5,Yes
35,f85f310c4fa84c73bb83b5e08125bd48,93,No
36,7432b015a4cf4b6e90b979023ca67b94,9,Yes
37,7432b015a4cf4b6e90b979023ca67b94,89,No
38,7432b015a4cf4b6e90b979023ca67b94,96,Yes
39,7432b015a4cf4b6e90b979023ca67b94,69,Yes
40,7432b015a4cf4b6e90b979023ca67b94,82,Yes
41,3a524173f883400abc182e4340c24c24,85,No
42,3a524173f883400abc182e4340c24c24,73,Yes
43,3a524173f883400abc182e4340c24c24,70,Yes
44,3a524173f883400abc182e4340c24c24,87,No
45,3a524173f883400abc182e4340c24c24,77,No
46,2227e97863f1432eada9da39334bcbb3,62,Yes
47,2227e97863f1432eada9da39334bcbb3,69,Yes
48,2227e97863f1432eada9da39334bcbb3,87,No
49,2227e97863f1432eada9da39334bcbb3,78,No
50,2227e97863f1432eada9da39334bcbb3,38,Yes
51,a49796255d97433dbf51723ac68776cb,79,No
52,a49796255d97433dbf51723ac68776cb,76,No
53,a49796255d97433dbf51723ac68776cb,86,No
54,a49796255d97433dbf51723ac68776cb,82,No
55,a49796255d97433dbf51723ac68776cb,46,Yes
56,9e756e6e0f87493bb237aea4b087e70c,22,No
57,9e756e6e0f87493bb237aea4b087e70c,15,Yes
58,9e756e6e0f87493bb237aea4b087e70c,8,No
59,9e756e6e0f87493bb237aea4b087e70c,27,No
60,9e756e6e0f87493bb237aea4b087e70c,84,No
61,377910feeeb642e7a4f9e7a4af1ea259,94,No
62,377910feeeb642e7a4f9e7a4af1ea259,37,Yes
63,377910feeeb642e7a4f9e7a4af1ea259,100,No
64,377910feeeb642e7a4f9e7a4af1ea259,60,Yes
65,377910feeeb642e7a4f9e7a4af1ea259,72,Yes
66,d5c9cd565cb246c29ec13fe77f16b194,36,Yes
67,d5c9cd565cb246c29ec13fe77f16b194,98,No
68,d5c9cd565cb246c29ec13fe77f16b194,49,No
69,d5c9cd565cb246c29ec13fe77f16b194,99,No
70,d5c9cd565cb246c29ec13fe77f16b194,85,No
71,eb49625bf1f442119b1c35de4b13bc30,85,No
72,eb49625bf1f442119b1c35de4b13bc30,31,No
73,eb49625bf1f442119b1c35de4b13bc30,28,Yes
74,eb49625bf1f442119b1c35de4b13bc30,51,Yes
75,eb49625bf1f442119b1c35de4b13bc30,3,No
76,3bb05fb7830049ebbb93c9f55a917ad9,96,No
77,3bb05fb7830049ebbb93c9f55a917ad9,55,Yes
78,3bb05fb7830049ebbb93c9f55a917ad9,30,Yes
79,3bb05fb7830049ebbb93c9f55a917ad9,36,No
80,3bb05fb7830049ebbb93c9f55a917ad9,65,Yes
81,303eb3320bdb4ca29e44fac117fef2e4,78,Yes
82,303eb3320bdb4ca29e44fac117fef2e4,22,Yes
83,303eb3320bdb4ca29e44fac117fef2e4,76,No
84,303eb3320bdb4ca29e44fac117fef2e4,28,Yes
85,303eb3320bdb4ca29e44fac117fef2e4,36,Yes
86,11f4cb50476b4ec296fa9ebc743e973b,27,Yes
87,11f4cb50476b4ec296fa9ebc743e973b,29,Yes
88,11f4cb50476b4ec296fa9ebc743e973b,4,Yes
89,11f4cb50476b4ec296fa9ebc743e973b,95,No
90,11f4cb50476b4ec296fa9ebc743e973b,91,No
91,9bd11a3195ca4c4297cc21c7ac34c44c,79,No
92,9bd11a3195ca4c4297cc21c7ac34c44c,59,Yes
93,9bd11a3195ca4c4297cc21c7ac34c44c,26,No
94,9bd11a3195ca4c4297cc21c7ac34c44c,95,No
95,9bd11a3195ca4c4297cc21c7ac34c44c,46,No
96,b8ff4dbd2a2c45cba408b153a6f8d1ee,66,No
97,b8ff4dbd2a2c45cba408b153a6f8d1ee,8,No
98,b8ff4dbd2a2c45cba408b153a6f8d1ee,29,No
99,b8ff4dbd2a2c45cba408b153a6f8d1ee,54,No
100,b8ff4dbd2a2c45cba408b153a6f8d1ee,3,No
101,27da8108241d4db090e00dabd5fb3172,64,No
102,27da8108241d4db090e00dabd5fb3172,80,No
103,27da8108241d4db090e00dabd5fb3172,85,No
104,27da8108241d4db090e00dabd5fb3172,19,No
105,27da8108241d4db090e00dabd5fb3172,11,No
106,a5995e252b124c7eadb8e1d492b49b88,66,No
107,a5995e252b124c7eadb8e1d492b49b88,13,No
108,a5995e252b124c7eadb8e1d492b49b88,63,No
109,a5995e252b124c7eadb8e1d492b49b88,49,No
110,a5995e252b124c7eadb8e1d492b49b88,59,No
111,a70a37f359f849039e05d058f0f6e395,27,Yes
112,a70a37f359f849039e05d058f0f6e395,35,No
113,a70a37f359f849039e05d058f0f6e395,51,Yes
114,a70a37f359f849039e05d058f0f6e395,14,Yes
115,a70a37f359f849039e05d058f0f6e395,72,Yes
116,3a098f6a71b54a608208aba65cfb449d,81,No
117,3a098f6a71b54a608208aba65cfb449d,90,No
118,3a098f6a71b54a608208aba65cfb449d,40,Yes
119,3a098f6a71b54a608208aba65cfb449d,31,Yes
120,3a098f6a71b54a608208aba65cfb449d,64,Yes
121,1c81aad16c0340e898cb4b442d532378,65,No
122,1c81aad16c0340e898cb4b442d532378,20,No
123,1c81aad16c0340e898cb4b442d532378,87,No
124,1c81aad16c0340e898cb4b442d532378,16,No
125,1c81aad16c0340e898cb4b442d532378,88,No
126,a36a2e4aed0d47b2ae3c5992ad98dde9,15,Yes
127,a36a2e4aed0d47b2ae3c5992ad98dde9,60,Yes
128,a36a2e4aed0d47b2ae3c5992ad98dde9,26,Yes
129,a36a2e4aed0d47b2ae3c5992ad98dde9,23,No
130,a36a2e4aed0d47b2ae3c5992ad98dde9,88,No
131,cc9eacf1900f4e7b83121d0ca094be01,15,Yes
132,cc9eacf1900f4e7b83121d0ca094be01,37,No
133,cc9eacf1900f4e7b83121d0ca094be01,81,No
134,cc9eacf1900f4e7b83121d0ca094be01,32,No
135,cc9eacf1900f4e7b83121d0ca094be01,49,No
136,28b1bcdedca74012bff0bcb7306ab16a,82,No
137,28b1bcdedca74012bff0bcb7306ab16a,51,Yes
138,28b1bcdedca74012bff0bcb7306ab16a,92,No
139,28b1bcdedca74012bff0bcb7306ab16a,49,Yes
140,28b1bcdedca74012bff0bcb7306ab16a,41,No
141,e59d3694a95641ffb35a23b2355a5158,10,Yes
142,e59d3694a95641ffb35a23b2355a5158,75,No
143,e59d3694a95641ffb35a23b2355a5158,8,No
144,e59d3694a95641ffb35a23b2355a5158,27,Yes
145,e59d3694a95641ffb35a23b2355a5158,48,Yes
146,894e8d4d62ed4b5e962a007b53cf55eb,31,Yes
147,894e8d4d62ed4b5e962a007b53cf55eb,62,Yes
148,894e8d4d62ed4b5e962a007b53cf55eb,68,Yes
149,894e8d4d62ed4b5e962a007b53cf55eb,44,Yes
150,894e8d4d62ed4b5e962a007b53cf55eb,78,No
151,71692c3fc2d648d680a9c43b13391e28,29,No
152,71692c3fc2d648d680a9c43b13391e28,19,No
153,71692c3fc2d648d680a9c43b13391e28,75,Yes
154,71692c3fc2d648d680a9c43b13391e28,5,Yes
155,71692c3fc2d648d680a9c43b13391e28,25,No
156,187990b0b31c4e2382ca2233163867f0,80,No
157,187990b0b31c4e2382ca2233163867f0,35,Yes
158,187990b0b31c4e2382ca2233163867f0,12,Yes
159,187990b0b31c4e2382ca2233163867f0,83,No
160,187990b0b31c4e2382ca2233163867f0,93,No
161,fc9ec0348ff44bebbc64906c17c4a7fe,6,No
162,fc9ec0348ff44bebbc64906c17c4a7fe,53,No
163,fc9ec0348ff44bebbc64906c17c4a7fe,65,No
164,fc9ec0348ff44bebbc64906c17c4a7fe,34,No
165,fc9ec0348ff44bebbc64906c17c4a7fe,87,No
166,b778cdff8c6f445284d41c33b337726f,51,Yes
167,b778cdff8c6f445284d41c33b337726f,39,No
168,b778cdff8c6f445284d41c33b337726f,74,No
169,b778cdff8c6f445284d41c33b337726f,65,Yes
170,b778cdff8c6f445284d41c33b337726f,4,No
171,3d8374a76c3443378c65ec10b19d57a2,44,Yes
172,3d8374a76c3443378c65ec10b19d57a2,50,No
173,3d8374a76c3443378c65ec10b19d57a2,88,No
174,3d8374a76c3443378c65ec10b19d57a2,16,No
175,3d8374a76c3443378c65ec10b19d57a2,6,Yes
176,64b8b8742fc0409aa3ab7586191c46d5,55,No
177,64b8b8742fc0409aa3ab7586191c46d5,57,No
178,64b8b8742fc0409aa3ab7586191c46d5,34,No
179,64b8b8742fc0409aa3ab7586191c46d5,6,No
180,64b8b8742fc0409aa3ab7586191c46d5,78,No
181,19c723cd011a42cd85453d406dcc8bcd,80,No
182,19c723cd011a42cd85453d406dcc8bcd,35,Yes
183,19c723cd011a42cd85453d406dcc8bcd,23,Yes
184,19c723cd011a42cd85453d406dcc8bcd,60,No
185,19c723cd011a42cd85453d406dcc8bcd,24,Yes
186,b402dfd5a35c46f2844ac9993ccdc9a6,4,No
187,b402dfd5a35c46f2844ac9993ccdc9a6,98,Yes
188,b402dfd5a35c46f2844ac9993ccdc9a6,52,Yes
189,b402dfd5a35c46f2844ac9993ccdc9a6,54,Yes
190,b402dfd5a35c46f2844ac9993ccdc9a6,44,Yes
191,b44e23205a2c4a958c8787f672c863c1,74,Yes
192,b44e23205a2c4a958c8787f672c863c1,38,Yes
193,b44e23205a2c4a958c8787f672c863c1,18,No
194,b44e23205a2c4a958c8787f672c863c1,51,No
195,b44e23205a2c4a958c8787f672c863c1,16,No
196,32fda214b03b4fa78dec084a2eb354ba,37,Yes
197,32fda214b03b4fa78dec084a2eb354ba,80,No
198,32fda214b03b4fa78dec084a2eb354ba,97,No
199,32fda214b03b4fa78dec084a2eb354ba,31,Yes
200,32fda214b03b4fa78dec084a2eb354ba,54,Yes
201,a9dbc49fba644db6808017ceae9ae342,79,No
202,a9dbc49fba644db6808017ceae9ae342,71,Yes
203,a9dbc49fba644db6808017ceae9ae342,70,Yes
204,a9dbc49fba644db6808017ceae9ae342,77,No
205,a9dbc49fba644db6808017ceae9ae342,28,Yes
206,0751a64d2801465e9403cfb9240ff752,47,Yes
207,0751a64d2801465e9403cfb9240ff752,44,No
208,0751a64d2801465e9403cfb9240ff752,52,Yes
209,0751a64d2801465e9403cfb9240ff752,4,No
210,0751a64d2801465e9403cfb9240ff752,60,Yes
211,8257ac001b494345ad0cb80347740df3,13,No
212,8257ac001b494345ad0cb80347740df3,61,Yes
213,8257ac001b494345ad0cb80347740df3,28,Yes
214,8257ac001b494345ad0cb80347740df3,14,No
215,8257ac001b494345ad0cb80347740df3,96,No
216,d916cbbeee1d46aea3daad5cb4d663ea,12,No
217,d916cbbeee1d46aea3daad5cb4d663ea,55,Yes
218,d916cbbeee1d46aea3daad5cb4d663ea,89,No
219,d916cbbeee1d46aea3daad5cb4d663ea,99,No
220,d916cbbeee1d46aea3daad5cb4d663ea,98,No
221,b4cd8295e77a46e1b6859cc0b8f33627,27,No
222,b4cd8295e77a46e1b6859cc0b8f33627,46,No
223,b4cd8295e77a46e1b6859cc0b8f33627,5,Yes
224,b4cd8295e77a46e1b6859cc0b8f33627,21,No
225,b4cd8295e77a46e1b6859cc0b8f33627,90,No
226,b7ab29e0356a4a5fb953e9968f8189fa,95,No
227,b7ab29e0356a4a5fb953e9968f8189fa,25,Yes
228,b7ab29e0356a4a5fb953e9968f8189fa,44,Yes
229,b7ab29e0356a4a5fb953e9968f8189fa,74,Yes
230,b7ab29e0356a4a5fb953e9968f8189fa,99,No
231,877ece094b9744df912e1755671ce55c,41,No
232,877ece094b9744df912e1755671ce55c,84,No
233,877ece094b9744df912e1755671ce55c,12,No
234,877ece094b9744df912e1755671ce55c,65,Yes
235,877ece094b9744df912e1755671ce55c,53,Yes
236,63e1c4c535c4466d9a14aed2328859ed,89,No
237,63e1c4c535c4466d9a14aed2328859ed,22,Yes
238,63e1c4c535c4466d9a14aed2328859ed,47,No
239,63e1c4c535c4466d9a14aed2328859ed,54,Yes
240,63e1c4c535c4466d9a14aed2328859ed,42,Yes
241,090ea7358cfc4d26a6388eee79244fce,83,Yes
242,090ea7358cfc4d26a6388eee79244fce,66,Yes
243,090ea7358cfc4d26a6388eee79244fce,54,Yes
244,090ea7358cfc4d26a6388eee79244fce,14,Yes
245,090ea7358cfc4d26a6388eee79244fce,100,No
246,f00df380882a44358142d03b416f6959,95,No
247,f00df380882a44358142d03b416f6959,57,Yes
248,f00df380882a44358142d03b416f6959,94,No
249,f00df380882a44358142d03b416f6959,28,Yes
250,f00df380882a44358142d03b416f6959,92,No
251,2d0c4639b330408c8037a8cddf7bfe5c,84,No
252,2d0c4639b330408c8037a8cddf7bfe5c,18,Yes
253,2d0c4639b330408c8037a8cddf7bfe5c,55,Yes
254,2d0c4639b330408c8037a8cddf7bfe5c,51,Yes
255,2d0c4639b330408c8037a8cddf7bfe5c,22,Yes
256,9d9756e43fe04ef39db0f2445e411f43,29,No
257,9d9756e43fe04ef39db0f2445e411f43,41,No
258,9d9756e43fe04ef39db0f2445e411f43,98,No
259,9d9756e43fe04ef39db0f2445e411f43,52,Yes
260,9d9756e43fe04ef39db0f2445e411f43,72,Yes
261,87932c5044a44fc5a1d610cd9c44d907,71,Yes
262,87932c5044a44fc5a1d610cd9c44d907,63,Yes
263,87932c5044a44fc5a1d610cd9c44d907,65,Yes
264,87932c5044a44fc5a1d610cd9c44d907,73,No
265,87932c5044a44fc5a1d610cd9c44d907,90,No
266,d6ff3a307f25437e8db9181c535b66b7,67,No
267,d6ff3a307f25437e8db9181c535b66b7,45,No
268,d6ff3a307f25437e8db9181c535b66b7,81,No
269,d6ff3a307f25437e8db9181c535b66b7,13,No
270,d6ff3a307f25437e8db9181c535b66b7,94,No
271,20e01e183b4441989a4208fb77bcc0e5,81,No
272,20e01e183b4441989a4208fb77bcc0e5,16,Yes
273,20e01e183b4441989a4208fb77bcc0e5,98,Yes
274,20e01e183b4441989a4208fb77bcc0e5,76,No
275,20e01e183b4441989a4208fb77bcc0e5,72,Yes
276,7509340f0863464e9787d5b5edad7f25,96,No
277,7509340f0863464e9787d5b5edad7f25,87,No
278,7509340f0863464e9787d5b5edad7f25,99,Yes
279,7509340f0863464e9787d5b5edad7f25,65,Yes
280,7509340f0863464e9787d5b5edad7f25,37,Yes
281,ea39f9c8966e43daaff61d8b1514a8ca,88,No
282,ea39f9c8966e43daaff61d8b1514a8ca,30,Yes
283,ea39f9c8966e43daaff61d8b1514a8ca,98,No
284,ea39f9c8966e43daaff61d8b1514a8ca,8,Yes
285,ea39f9c8966e43daaff61d8b1514a8ca,40,Yes
286,23b88060aa2641b9a0a5497c8d724414,70,Yes
287,23b88060aa2641b9a0a5497c8d724414,62,Yes
288,23b88060aa2641b9a0a5497c8d724414,21,Yes
289,23b88060aa2641b9a0a5497c8d724414,61,Yes
290,23b88060aa2641b9a0a5497c8d724414,7,Yes
291,b5f8ca3549fc467681b546713f038b97,19,Yes
292,b5f8ca3549fc467681b546713f038b97,71,Yes
293,b5f8ca3549fc467681b546713f038b97,63,Yes
294,b5f8ca3549fc467681b546713f038b97,74,Yes
295,b5f8ca3549fc467681b546713f038b97,95,No
296,2710d55d519948bb8e17274689d36686,88,No
297,2710d55d519948bb8e17274689d36686,61,Yes
298,2710d55d519948bb8e17274689d36686,33,Yes
299,2710d55d519948bb8e17274689d36686,63,Yes
300,2710d55d519948bb8e17274689d36686,26,Yes
301,8c110354367e4816b5adf60ca9b0f992,27,Yes
302,8c110354367e4816b5adf60ca9b0f992,31,No
303,8c110354367e4816b5adf60ca9b0f992,73,No
304,8c110354367e4816b5adf60ca9b0f992,51,Yes
305,8c110354367e4816b5adf60ca9b0f992,74,No
306,9b356506688049d3b71b9f7d21f97952,80,No
307,9b356506688049d3b71b9f7d21f97952,52,Yes
308,9b356506688049d3b71b9f7d21f97952,27,Yes
309,9b356506688049d3b71b9f7d21f97952,78,No
310,9b356506688049d3b71b9f7d21f97952,57,Yes
311,438efdda71ba4f279cc665907ca49498,88,No
312,438efdda71ba4f279cc665907ca49498,62,Yes
313,438efdda71ba4f279cc665907ca49498,15,Yes
314,438efdda71ba4f279cc665907ca49498,39,Yes
315,438efdda71ba4f279cc665907ca49498,1,Yes
316,6ddba2a7f7b945c9a465f9ea4408011c,98,No
317,6ddba2a7f7b945c9a465f9ea4408011c,86,No
318,6ddba2a7f7b945c9a465f9ea4408011c,11,No
319,6ddba2a7f7b945c9a465f9ea4408011c,66,Yes
320,6ddba2a7f7b945c9a465f9ea4408011c,26,Yes
321,3c7daaf7a37a44198bcc0728d823d293,93,No
322,3c7daaf7a37a44198bcc0728d823d293,47,Yes
323,3c7daaf7a37a44198bcc0728d823d293,98,No
324,3c7daaf7a37a44198bcc0728d823d293,41,Yes
325,3c7daaf7a37a44198bcc0728d823d293,81,No
326,671e096048d547958c986d430c8e15df,71,Yes
327,671e096048d547958c986d430c8e15df,15,Yes
328,671e096048d547958c986d430c8e15df,85,No
329,671e096048d547958c986d430c8e15df,44,No
330,671e096048d547958c986d430c8e15df,36,No
331,157295184a67464fa39457e35b55cae8,53,Yes
332,157295184a67464fa39457e35b55cae8,5,No
333,157295184a67464fa39457e35b55cae8,23,No
334,157295184a67464fa39457e35b55cae8,93,No
335,157295184a67464fa39457e35b55cae8,88,No
336,c6a2f268af654b8f91b2a7b87b67cff4,68,Yes
337,c6a2f268af654b8f91b2a7b87b67cff4,74,Yes
338,c6a2f268af654b8f91b2a7b87b67cff4,40,No
339,c6a2f268af654b8f91b2a7b87b67cff4,91,No
340,c6a2f268af654b8f91b2a7b87b67cff4,39,Yes
341,7cd4fed8989b479a850c70df308fe7be,83,No
342,7cd4fed8989b479a850c70df308fe7be,59,Yes
343,7cd4fed8989b479a850c70df308fe7be,35,Yes
344,7cd4fed8989b479a850c70df308fe7be,65,Yes
345,7cd4fed8989b479a850c70df308fe7be,91,No
346,1408ec37df094fe0b368696d513b6d69,10,Yes
347,1408ec37df094fe0b368696d513b6d69,59,Yes
348,1408ec37df094fe0b368696d513b6d69,93,No
349,1408ec37df094fe0b368696d513b6d69,45,No
350,1408ec37df094fe0b368696d513b6d69,37,Yes
351,f6ce2949247b4258ad12e2a5f4146c51,55,No
352,f6ce2949247b4258ad12e2a5f4146c51,18,No
353,f6ce2949247b4258ad12e2a5f4146c51,42,No
354,f6ce2949247b4258ad12e2a5f4146c51,53,No
355,f6ce2949247b4258ad12e2a5f4146c51,39,No
356,914d231c7ba24c06a6cf7e5b5f2575dc,19,No
357,914d231c7ba24c06a6cf7e5b5f2575dc,56,Yes
358,914d231c7ba24c06a6cf7e5b5f2575dc,18,No
359,914d231c7ba24c06a6cf7e5b5f2575dc,57,No
360,914d231c7ba24c06a6cf7e5b5f2575dc,26,Yes
361,4a77b540b5824f589d90d55b64e24169,44,Yes
362,4a77b540b5824f589d90d55b64e24169,62,Yes
363,4a77b540b5824f589d90d55b64e24169,82,No
364,4a77b540b5824f589d90d55b64e24169,42,Yes
365,4a77b540b5824f589d90d55b64e24169,86,No
366,46baa563e9c6449ca88414fa5deb3515,3,No
367,46baa563e9c6449ca88414fa5deb3515,17,No
368,46baa563e9c6449ca88414fa5deb3515,71,Yes
369,46baa563e9c6449ca88414fa5deb3515,67,No
370,46baa563e9c6449ca88414fa5deb3515,32,No
371,f9d8bc09b83244b0a28933df8129ad7a,80,No
372,f9d8bc09b83244b0a28933df8129ad7a,98,No
373,f9d8bc09b83244b0a28933df8129ad7a,88,Yes
374,f9d8bc09b83244b0a28933df8129ad7a,11,Yes
375,f9d8bc09b83244b0a28933df8129ad7a,10,Yes
376,1af0f316349d4815b3ceab39926cb8be,77,No
377,1af0f316349d4815b3ceab39926cb8be,78,No
378,1af0f316349d4815b3ceab39926cb8be,13,Yes
379,1af0f316349d4815b3ceab39926cb8be,72,Yes
380,1af0f316349d4815b3ceab39926cb8be,31,Yes
381,e730a518c309466aaa6809108c432bdc,1,Yes
382,e730a518c309466aaa6809108c432bdc,96,No
383,e730a518c309466aaa6809108c432bdc,65,Yes
384,e730a518c309466aaa6809108c432bdc,54,Yes
385,e730a518c309466aaa6809108c432bdc,32,Yes
386,0415426322114a69a142dc280d3b52aa,37,No
387,0415426322114a69a142dc280d3b52aa,48,No
388,0415426322114a69a142dc280d3b52aa,79,No
389,0415426322114a69a142dc280d3b52aa,4,Yes
390,0415426322114a69a142dc280d3b52aa,19,Yes
391,7de85769a09f4fb3a5031c93aa88ed34,19,No
392,7de85769a09f4fb3a5031c93aa88ed34,13,No
393,7de85769a09f4fb3a5031c93aa88ed34,71,Yes
394,7de85769a09f4fb3a5031c93aa88ed34,16,No
395,7de85769a09f4fb3a5031c93aa88ed34,85,No
396,7318458ad1ff42b0aea3ce101e5dc648,96,No
397,7318458ad1ff42b0aea3ce101e5dc648,90,Yes
398,7318458ad1ff42b0aea3ce101e5dc648,70,Yes
399,7318458ad1ff42b0aea3ce101e5dc648,78,Yes
400,7318458ad1ff42b0aea3ce101e5dc648,14,Yes
401,bd1043cec31f47258f0417af1fa884e9,1,No
402,bd1043cec31f47258f0417af1fa884e9,64,No
403,bd1043cec31f47258f0417af1fa884e9,87,No
404,bd1043cec31f47258f0417af1fa884e9,63,No
405,bd1043cec31f47258f0417af1fa884e9,15,No
406,f92f3880389e425cae61c62304d50a9f,94,No
407,f92f3880389e425cae61c62304d50a9f,68,Yes
408,f92f3880389e425cae61c62304d50a9f,31,Yes
409,f92f3880389e425cae61c62304d50a9f,8,Yes
410,f92f3880389e425cae61c62304d50a9f,78,No
411,ea0543d145734b9aaea3f99e083fc73c,81,No
412,ea0543d145734b9aaea3f99e083fc73c,23,Yes
413,ea0543d145734b9aaea3f99e083fc73c,10,Yes
414,ea0543d145734b9aaea3f99e083fc73c,57,Yes
415,ea0543d145734b9aaea3f99e083fc73c,47,No
416,7668b4a0a571433f897c9e06630636c7,59,Yes
417,7668b4a0a571433f897c9e06630636c7,72,Yes
418,7668b4a0a571433f897c9e06630636c7,79,No
419,7668b4a0a571433f897c9e06630636c7,99,No
420,7668b4a0a571433f897c9e06630636c7,35,Yes
421,8731dc7f9bac4f708cd9ef4c3d86cf9b,7,Yes
422,8731dc7f9bac4f708cd9ef4c3d86cf9b,12,Yes
423,8731dc7f9bac4f708cd9ef4c3d86cf9b,62,Yes
424,8731dc7f9bac4f708cd9ef4c3d86cf9b,58,Yes
425,8731dc7f9bac4f708cd9ef4c3d86cf9b,10,Yes
426,2ee4782c208b433fa581b6c03893137e,38,No
427,2ee4782c208b433fa581b6c03893137e,94,No
428,2ee4782c208b433fa581b6c03893137e,73,Yes
429,2ee4782c208b433fa581b6c03893137e,12,No
430,2ee4782c208b433fa581b6c03893137e,98,No
431,3499b9c9c1464a0c8dc2141088366789,45,No
432,3499b9c9c1464a0c8dc2141088366789,19,No
433,3499b9c9c1464a0c8dc2141088366789,54,Yes
434,3499b9c9c1464a0c8dc2141088366789,16,Yes
435,3499b9c9c1464a0c8dc2141088366789,17,Yes
436,ba159fd91d7f4b69a38decc99e286b79,82,No
437,ba159fd91d7f4b69a38decc99e286b79,91,No
438,ba159fd91d7f4b69a38decc99e286b79,39,Yes
439,ba159fd91d7f4b69a38decc99e286b79,7,Yes
440,ba159fd91d7f4b69a38decc99e286b79,14,Yes
441,cc5195fc867b4a1f87150e3d64fd1f92,64,Yes
442,cc5195fc867b4a1f87150e3d64fd1f92,44,No
443,cc5195fc867b4a1f87150e3d64fd1f92,18,No
444,cc5195fc867b4a1f87150e3d64fd1f92,59,Yes
445,cc5195fc867b4a1f87150e3d64fd1f92,67,Yes
446,d4747865eae141b4bede53ad5d701071,58,Yes
447,d4747865eae141b4bede53ad5d701071,42,Yes
448,d4747865eae141b4bede53ad5d701071,90,No
449,d4747865eae141b4bede53ad5d701071,50,Yes
450,d4747865eae141b4bede53ad5d701071,11,No
451,5457bc83c019442793b7d4d78a55a600,15,Yes
452,5457bc83c019442793b7d4d78a55a600,41,Yes
453,5457bc83c019442793b7d4d78a55a600,24,No
454,5457bc83c019442793b7d4d78a55a600,54,Yes
455,5457bc83c019442793b7d4d78a55a600,56,Yes
456,eb76d66fbb6743ada313adb7f1010e21,92,No
457,eb76d66fbb6743ada313adb7f1010e21,97,No
458,eb76d66fbb6743ada313adb7f1010e21,79,No
459,eb76d66fbb6743ada313adb7f1010e21,2,Yes
460,eb76d66fbb6743ada313adb7f1010e21,24,Yes
461,def19bc93989429aa19bd526b7dc254e,37,Yes
462,def19bc93989429aa19bd526b7dc254e,63,Yes
463,def19bc93989429aa19bd526b7dc254e,46,Yes
464,def19bc93989429aa19bd526b7dc254e,60,Yes
465,def19bc93989429aa19bd526b7dc254e,53,Yes
466,c6c7fd8b5ee142dda287dbd6e4fd8479,52,Yes
467,c6c7fd8b5ee142dda287dbd6e4fd8479,55,Yes
468,c6c7fd8b5ee142dda287dbd6e4fd8479,74,Yes
469,c6c7fd8b5ee142dda287dbd6e4fd8479,51,Yes
470,c6c7fd8b5ee142dda287dbd6e4fd8479,26,Yes
471,ed0bfa7057674ab98f2937732156a6c6,98,No
472,ed0bfa7057674ab98f2937732156a6c6,71,Yes
473,ed0bfa7057674ab98f2937732156a6c6,96,No
474,ed0bfa7057674ab98f2937732156a6c6,42,No
475,ed0bfa7057674ab98f2937732156a6c6,85,No
476,f27a2bb98e654ef88f58e3c9ddf9cc97,23,Yes
477,f27a2bb98e654ef88f58e3c9ddf9cc97,61,Yes
478,f27a2bb98e654ef88f58e3c9ddf9cc97,57,Yes
479,f27a2bb98e654ef88f58e3c9ddf9cc97,8,Yes
480,f27a2bb98e654ef88f58e3c9ddf9cc97,10,Yes
481,3527f7ba856946769b75c96cefd2b58c,56,Yes
482,3527f7ba856946769b75c96cefd2b58c,84,No
483,3527f7ba856946769b75c96cefd2b58c,70,Yes
484,3527f7ba856946769b75c96cefd2b58c,25,No
485,3527f7ba856946769b75c96cefd2b58c,76,No
486,1c409eb0de9e4ae7986b84f7ee9b205e,11,No
487,1c409eb0de9e4ae7986b84f7ee9b205e,5,Yes
488,1c409eb0de9e4ae7986b84f7ee9b205e,97,No
489,1c409eb0de9e4ae7986b84f7ee9b205e,72,Yes
490,1c409eb0de9e4ae7986b84f7ee9b205e,85,No
491,5cacf3fbffb44ca0be79174027b46885,7,Yes
492,5cacf3fbffb44ca0be79174027b46885,74,No
493,5cacf3fbffb44ca0be79174027b46885,97,No
494,5cacf3fbffb44ca0be79174027b46885,84,Yes
495,5cacf3fbffb44ca0be79174027b46885,39,No
496,f7324c7ea6c34388b4961d7bdcbb7c70,28,Yes
497,f7324c7ea6c34388b4961d7bdcbb7c70,42,Yes
498,f7324c7ea6c34388b4961d7bdcbb7c70,44,Yes
499,f7324c7ea6c34388b4961d7bdcbb7c70,56,Yes
500,f7324c7ea6c34388b4961d7bdcbb7c70,36,Yes
501,fda2b76b2b2e4a9abcafed182070d8b6,41,Yes
502,fda2b76b2b2e4a9abcafed182070d8b6,79,Yes
503,fda2b76b2b2e4a9abcafed182070d8b6,75,Yes
504,fda2b76b2b2e4a9abcafed182070d8b6,12,Yes
505,fda2b76b2b2e4a9abcafed182070d8b6,52,Yes
506,e2e2743b063d42399cf2c0c48d2f40c2,43,Yes
507,e2e2743b063d42399cf2c0c48d2f40c2,89,No
508,e2e2743b063d42399cf2c0c48d2f40c2,57,No
509,e2e2743b063d42399cf2c0c48d2f40c2,19,No
510,e2e2743b063d42399cf2c0c48d2f40c2,2,Yes
511,0c77510ef9c147a19a4664362b1b7930,3,Yes
512,0c77510ef9c147a19a4664362b1b7930,1,No
513,0c77510ef9c147a19a4664362b1b7930,68,No
514,0c77510ef9c147a19a4664362b1b7930,77,No
515,0c77510ef9c147a19a4664362b1b7930,7,No
516,c7a9c296e8a0418ab5c1421533eaffa6,11,No
517,c7a9c296e8a0418ab5c1421533eaffa6,35,No
518,c7a9c296e8a0418ab5c1421533eaffa6,85,No
519,c7a9c296e8a0418ab5c1421533eaffa6,22,Yes
520,c7a9c296e8a0418ab5c1421533eaffa6,95,No
521,5194ed643f76434e97d1996658ea8e03,83,No
522,5194ed643f76434e97d1996658ea8e03,91,No
523,5194ed643f76434e97d1996658ea8e03,81,No
524,5194ed643f76434e97d1996658ea8e03,47,Yes
525,5194ed643f76434e97d1996658ea8e03,61,Yes
526,e7aa4b3afe29457c8e1fdede6a1b354f,61,Yes
527,e7aa4b3afe29457c8e1fdede6a1b354f,71,No
528,e7aa4b3afe29457c8e1fdede6a1b354f,94,No
529,e7aa4b3afe29457c8e1fdede6a1b354f,96,No
530,e7aa4b3afe29457c8e1fdede6a1b354f,3,Yes
531,1717d03314594c78b630fe4d5a5933d2,18,No
532,1717d03314594c78b630fe4d5a5933d2,27,No
533,1717d03314594c78b630fe4d5a5933d2,10,No
534,1717d03314594c78b630fe4d5a5933d2,57,Yes
535,1717d03314594c78b630fe4d5a5933d2,92,No
536,b7a5b1654f2d4f33be08a7b6613725cb,20,No
537,b7a5b1654f2d4f33be08a7b6613725cb,72,Yes
538,b7a5b1654f2d4f33be08a7b6613725cb,19,No
539,b7a5b1654f2d4f33be08a7b6613725cb,58,Yes
540,b7a5b1654f2d4f33be08a7b6613725cb,45,Yes
541,9d6953ffea2c4eb395a9887f92b24252,50,No
542,9d6953ffea2c4eb395a9887f92b24252,69,Yes
543,9d6953ffea2c4eb395a9887f92b24252,32,No
544,9d6953ffea2c4eb395a9887f92b24252,88,No
545,9d6953ffea2c4eb395a9887f92b24252,11,No
546,2126f514e64642aabecfcc3e0c77187b,77,No
547,2126f514e64642aabecfcc3e0c77187b,9,Yes
548,2126f514e64642aabecfcc3e0c77187b,18,Yes
549,2126f514e64642aabecfcc3e0c77187b,69,Yes
550,2126f514e64642aabecfcc3e0c77187b,4,Yes
551,9b68313c77c047c08793ef690014b37b,47,Yes
552,9b68313c77c047c08793ef690014b37b,70,Yes
553,9b68313c77c047c08793ef690014b37b,5,No
554,9b68313c77c047c08793ef690014b37b,59,Yes
555,9b68313c77c047c08793ef690014b37b,97,No
556,8e2c1145b7874db78d7b225afb8d0d8c,52,No
557,8e2c1145b7874db78d7b225afb8d0d8c,5,No
558,8e2c1145b7874db78d7b225afb8d0d8c,74,Yes
559,8e2c1145b7874db78d7b225afb8d0d8c,83,No
560,8e2c1145b7874db78d7b225afb8d0d8c,39,Yes
561,146e0dd3516845f7a5004ef788aac6ee,11,No
562,146e0dd3516845f7a5004ef788aac6ee,50,No
563,146e0dd3516845f7a5004ef788aac6ee,67,Yes
564,146e0dd3516845f7a5004ef788aac6ee,75,Yes
565,146e0dd3516845f7a5004ef788aac6ee,20,Yes
566,b224a842539d46b5b4c9c54b10325b51,84,No
567,b224a842539d46b5b4c9c54b10325b51,38,Yes
568,b224a842539d46b5b4c9c54b10325b51,53,Yes
569,b224a842539d46b5b4c9c54b10325b51,70,No
570,b224a842539d46b5b4c9c54b10325b51,15,No
571,544af8b1f6534d88aa5330d15b59f79a,13,No
572,544af8b1f6534d88aa5330d15b59f79a,61,Yes
573,544af8b1f6534d88aa5330d15b59f79a,18,No
574,544af8b1f6534d88aa5330d15b59f79a,24,No
575,544af8b1f6534d88aa5330d15b59f79a,86,No
576,50d8ff5cd9f44b13aff71bd64bcadb85,46,No
577,50d8ff5cd9f44b13aff71bd64bcadb85,53,No
578,50d8ff5cd9f44b13aff71bd64bcadb85,79,No
579,50d8ff5cd9f44b13aff71bd64bcadb85,4,Yes
580,50d8ff5cd9f44b13aff71bd64bcadb85,40,Yes
581,0c7873fd134c4649b5222ce7c9365e8a,35,Yes
582,0c7873fd134c4649b5222ce7c9365e8a,30,Yes
583,0c7873fd134c4649b5222ce7c9365e8a,88,No
584,0c7873fd134c4649b5222ce7c9365e8a,19,No
585,0c7873fd134c4649b5222ce7c9365e8a,69,Yes
586,5fb8118bee534dee862e1bedfa8f9869,8,No
587,5fb8118bee534dee862e1bedfa8f9869,24,No
588,5fb8118bee534dee862e1bedfa8f9869,60,Yes
589,5fb8118bee534dee862e1bedfa8f9869,38,No
590,5fb8118bee534dee862e1bedfa8f9869,22,Yes
591,0e38ad09b651441dad660e9352be5782,41,Yes
592,0e38ad09b651441dad660e9352be5782,80,No
593,0e38ad09b651441dad660e9352be5782,83,No
594,0e38ad09b651441dad660e9352be5782,92,No
595,0e38ad09b651441dad660e9352be5782,86,No
596,7e84e971c46045bd841eae156c7842f4,45,No
597,7e84e971c46045bd841eae156c7842f4,60,Yes
598,7e84e971c46045bd841eae156c7842f4,83,No
599,7e84e971c46045bd841eae156c7842f4,35,No
600,7e84e971c46045bd841eae156c7842f4,3,Yes
601,faf9b9c20b404ebcb16835f4cd504602,96,No
602,faf9b9c20b404ebcb16835f4cd504602,20,Yes
603,faf9b9c20b404ebcb16835f4cd504602,34,Yes
604,faf9b9c20b404ebcb16835f4cd504602,67,Yes
605,faf9b9c20b404ebcb16835f4cd504602,95,No
606,94d435ca398b47028f5074f84afd152b,10,Yes
607,94d435ca398b47028f5074f84afd152b,22,No
608,94d435ca398b47028f5074f84afd152b,5,Yes
609,94d435ca398b47028f5074f84afd152b,25,No
610,94d435ca398b47028f5074f84afd152b,69,Yes
611,f732cd9e7fc84ba287ebbb032677e89b,67,No
612,f732cd9e7fc84ba287ebbb032677e89b,83,No
613,f732cd9e7fc84ba287ebbb032677e89b,55,Yes
614,f732cd9e7fc84ba287ebbb032677e89b,90,No
615,f732cd9e7fc84ba287ebbb032677e89b,47,Yes
616,72203587546743ce800b46ebaf9d1192,46,Yes
617,72203587546743ce800b46ebaf9d1192,2,Yes
618,72203587546743ce800b46ebaf9d1192,39,Yes
619,72203587546743ce800b46ebaf9d1192,56,Yes
620,72203587546743ce800b46ebaf9d1192,6,No
621,a5ef6dc338f04261bbb0e0bd969f3642,52,No
622,a5ef6dc338f04261bbb0e0bd969f3642,58,No
623,a5ef6dc338f04261bbb0e0bd969f3642,38,No
624,a5ef6dc338f04261bbb0e0bd969f3642,99,No
625,a5ef6dc338f04261bbb0e0bd969f3642,91,No
626,c46818c50986476aa8a820f5ab4b1332,74,Yes
627,c46818c50986476aa8a820f5ab4b1332,84,No
628,c46818c50986476aa8a820f5ab4b1332,21,Yes
629,c46818c50986476aa8a820f5ab4b1332,30,No
630,c46818c50986476aa8a820f5ab4b1332,59,Yes
631,8a2c5ffeff00409eb9935897ef538651,47,No
632,8a2c5ffeff00409eb9935897ef538651,14,No
633,8a2c5ffeff00409eb9935897ef538651,100,No
634,8a2c5ffeff00409eb9935897ef538651,65,Yes
635,8a2c5ffeff00409eb9935897ef538651,56,Yes
636,11971dddbc144626a18344c72af76e97,58,No
637,11971dddbc144626a18344c72af76e97,42,No
638,11971dddbc144626a18344c72af76e97,35,No
639,11971dddbc144626a18344c72af76e97,19,Yes
640,11971dddbc144626a18344c72af76e97,72,Yes
641,ed0d98ef467249f1b5e3d4ed3dfcb20b,62,Yes
642,ed0d98ef467249f1b5e3d4ed3dfcb20b,17,No
643,ed0d98ef467249f1b5e3d4ed3dfcb20b,68,Yes
644,ed0d98ef467249f1b5e3d4ed3dfcb20b,75,Yes
645,ed0d98ef467249f1b5e3d4ed3dfcb20b,47,No
646,e0b868654b084d579a3eee0b21522e74,29,No
647,e0b868654b084d579a3eee0b21522e74,22,Yes
648,e0b868654b084d579a3eee0b21522e74,3,No
649,e0b868654b084d579a3eee0b21522e74,100,No
650,e0b868654b084d579a3eee0b21522e74,51,Yes
651,8d87475f705f4762a2169269c4ad666b,90,No
652,8d87475f705f4762a2169269c4ad666b,81,No
653,8d87475f705f4762a2169269c4ad666b,53,Yes
654,8d87475f705f4762a2169269c4ad666b,62,Yes
655,8d87475f705f4762a2169269c4ad666b,58,Yes
656,eb34c28d5949442ba8aa381aa4c4ff55,57,Yes
657,eb34c28d5949442ba8aa381aa4c4ff55,29,No
658,eb34c28d5949442ba8aa381aa4c4ff55,86,No
659,eb34c28d5949442ba8aa381aa4c4ff55,46,No
660,eb34c28d5949442ba8aa381aa4c4ff55,16,No
661,89024c34de4c477e9ad043f2df0aca62,93,No
662,89024c34de4c477e9ad043f2df0aca62,51,Yes
663,89024c34de4c477e9ad043f2df0aca62,74,Yes
664,89024c34de4c477e9ad043f2df0aca62,82,No
665,89024c34de4c477e9ad043f2df0aca62,73,Yes
666,659dd9c170ec4095ac6c37a695383920,46,No
667,659dd9c170ec4095ac6c37a695383920,82,No
668,659dd9c170ec4095ac6c37a695383920,65,Yes
669,659dd9c170ec4095ac6c37a695383920,26,No
670,659dd9c170ec4095ac6c37a695383920,45,No
671,5314d078f99643cda9afb3c921c56064,72,Yes
672,5314d078f99643cda9afb3c921c56064,95,No
673,5314d078f99643cda9afb3c921c56064,84,No
674,5314d078f99643cda9afb3c921c56064,77,No
675,5314d078f99643cda9afb3c921c56064,80,No
676,5a23d39bc8f647caac5bf37c776ee1f2,79,No
677,5a23d39bc8f647caac5bf37c776ee1f2,55,Yes
678,5a23d39bc8f647caac5bf37c776ee1f2,91,No
679,5a23d39bc8f647caac5bf37c776ee1f2,82,Yes
680,5a23d39bc8f647caac5bf37c776ee1f2,75,Yes
681,47c08b82f6a24e6b9f45037873591532,19,No
682,47c08b82f6a24e6b9f45037873591532,97,No
683,47c08b82f6a24e6b9f45037873591532,100,No
684,47c08b82f6a24e6b9f45037873591532,92,Yes
685,47c08b82f6a24e6b9f45037873591532,1,Yes
686,cbbb0434f39148d087dae56a1f335efc,13,No
687,cbbb0434f39148d087dae56a1f335efc,59,No
688,cbbb0434f39148d087dae56a1f335efc,34,Yes
689,cbbb0434f39148d087dae56a1f335efc,92,No
690,cbbb0434f39148d087dae56a1f335efc,69,Yes
691,ebe0eb36090a448c8bfbe97ff7ba9a65,77,No
692,ebe0eb36090a448c8bfbe97ff7ba9a65,87,No
693,ebe0eb36090a448c8bfbe97ff7ba9a65,59,Yes
694,ebe0eb36090a448c8bfbe97ff7ba9a65,18,Yes
695,ebe0eb36090a448c8bfbe97ff7ba9a65,100,Yes
696,400963e8d72740ae80e912918dde1b07,33,Yes
697,400963e8d72740ae80e912918dde1b07,10,Yes
698,400963e8d72740ae80e912918dde1b07,31,Yes
699,400963e8d72740ae80e912918dde1b07,16,Yes
700,400963e8d72740ae80e912918dde1b07,79,No
701,f255522c11cd4e009caea0b9ff2d13cf,62,Yes
702,f255522c11cd4e009caea0b9ff2d13cf,95,No
703,f255522c11cd4e009caea0b9ff2d13cf,8,No
704,f255522c11cd4e009caea0b9ff2d13cf,84,Yes
705,f255522c11cd4e009caea0b9ff2d13cf,9,No
706,eafea9539b984c94831cdbae104168e9,30,Yes
707,eafea9539b984c94831cdbae104168e9,6,Yes
708,eafea9539b984c94831cdbae104168e9,88,No
709,eafea9539b984c94831cdbae104168e9,65,Yes
710,eafea9539b984c94831cdbae104168e9,57,Yes
711,361bad0de76943d3be386d334ab663e0,75,Yes
712,361bad0de76943d3be386d334ab663e0,65,Yes
713,361bad0de76943d3be386d334ab663e0,23,No
714,361bad0de76943d3be386d334ab663e0,18,Yes
715,361bad0de76943d3be386d334ab663e0,87,No
716,6a2f639109054645b06af77c72afbe3f,19,Yes
717,6a2f639109054645b06af77c72afbe3f,47,No
718,6a2f639109054645b06af77c72afbe3f,34,No
719,6a2f639109054645b06af77c72afbe3f,76,No
720,6a2f639109054645b06af77c72afbe3f,58,Yes
721,9dc5b0e82d1841079ac20d56a0db5715,96,No
722,9dc5b0e82d1841079ac20d56a0db5715,99,Yes
723,9dc5b0e82d1841079ac20d56a0db5715,91,Yes
724,9dc5b0e82d1841079ac20d56a0db5715,97,No
725,9dc5b0e82d1841079ac20d56a0db5715,93,No
726,849a492042bd4d9f8349b68b17b88f2e,95,No
727,849a492042bd4d9f8349b68b17b88f2e,54,Yes
728,849a492042bd4d9f8349b68b17b88f2e,40,Yes
729,849a492042bd4d9f8349b68b17b88f2e,62,Yes
730,849a492042bd4d9f8349b68b17b88f2e,100,No
731,04af61092df44ad2ab5cc54d4218668d,36,Yes
732,04af61092df44ad2ab5cc54d4218668d,77,No
733,04af61092df44ad2ab5cc54d4218668d,19,No
734,04af61092df44ad2ab5cc54d4218668d,90,No
735,04af61092df44ad2ab5cc54d4218668d,48,Yes
736,c75d827fdafa400fb24e8bad158972ae,41,No
737,c75d827fdafa400fb24e8bad158972ae,50,Yes
738,c75d827fdafa400fb24e8bad158972ae,1,Yes
739,c75d827fdafa400fb24e8bad158972ae,10,Yes
740,c75d827fdafa400fb24e8bad158972ae,95,No
741,530d447a1d2e4f1f8258a2834db8dad0,18,No
742,530d447a1d2e4f1f8258a2834db8dad0,78,No
743,530d447a1d2e4f1f8258a2834db8dad0,42,No
744,530d447a1d2e4f1f8258a2834db8dad0,44,No
745,530d447a1d2e4f1f8258a2834db8dad0,30,No
746,0a0023c28f9c41f7b919e25ac4d744e6,80,No
747,0a0023c28f9c41f7b919e25ac4d744e6,11,Yes
748,0a0023c28f9c41f7b919e25ac4d744e6,15,Yes
749,0a0023c28f9c41f7b919e25ac4d744e6,83,No
750,0a0023c28f9c41f7b919e25ac4d744e6,43,Yes
751,06dbdeca38ca42d4915539553894157a,5,Yes
752,06dbdeca38ca42d4915539553894157a,13,No
753,06dbdeca38ca42d4915539553894157a,90,No
754,06dbdeca38ca42d4915539553894157a,98,No
755,06dbdeca38ca42d4915539553894157a,43,Yes
756,f5f51e96c1524a4586bae542c7eb387d,67,Yes
757,f5f51e96c1524a4586bae542c7eb387d,35,Yes
758,f5f51e96c1524a4586bae542c7eb387d,14,No
759,f5f51e96c1524a4586bae542c7eb387d,71,Yes
760,f5f51e96c1524a4586bae542c7eb387d,18,Yes
761,add1b5b52a204c968e3a7ebc259a3a55,51,Yes
762,add1b5b52a204c968e3a7ebc259a3a55,21,No
763,add1b5b52a204c968e3a7ebc259a3a55,93,No
764,add1b5b52a204c968e3a7ebc259a3a55,6,No
765,add1b5b52a204c968e3a7ebc259a3a55,58,No
766,25dd648e719a4f9a985ab5cf522c3386,76,No
767,25dd648e719a4f9a985ab5cf522c3386,68,Yes
768,25dd648e719a4f9a985ab5cf522c3386,39,Yes
769,25dd648e719a4f9a985ab5cf522c3386,22,Yes
770,25dd648e719a4f9a985ab5cf522c3386,15,Yes
771,747623f192074d1eb0beff4774a9c07a,48,Yes
772,747623f192074d1eb0beff4774a9c07a,14,Yes
773,747623f192074d1eb0beff4774a9c07a,46,Yes
774,747623f192074d1eb0beff4774a9c07a,44,Yes
775,747623f192074d1eb0beff4774a9c07a,73,Yes
776,5b7516d4d56a46c98382b9db666a474c,93,No
777,5b7516d4d56a46c98382b9db666a474c,20,Yes
778,5b7516d4d56a46c98382b9db666a474c,88,No
779,5b7516d4d56a46c98382b9db666a474c,73,Yes
780,5b7516d4d56a46c98382b9db666a474c,67,Yes
781,809ea16c45404dca9111c2b543f2f841,64,No
782,809ea16c45404dca9111c2b543f2f841,87,No
783,809ea16c45404dca9111c2b543f2f841,47,Yes
784,809ea16c45404dca9111c2b543f2f841,91,Yes
785,809ea16c45404dca9111c2b543f2f841,100,No
786,1b11e199ce1846b5930419c40373064e,15,Yes
787,1b11e199ce1846b5930419c40373064e,74,Yes
788,1b11e199ce1846b5930419c40373064e,31,Yes
789,1b11e199ce1846b5930419c40373064e,75,Yes
790,1b11e199ce1846b5930419c40373064e,41,Yes
791,069bd5a74ecf4f75b945ebb13337ad20,5,No
792,069bd5a74ecf4f75b945ebb13337ad20,43,No
793,069bd5a74ecf4f75b945ebb13337ad20,100,No
794,069bd5a74ecf4f75b945ebb13337ad20,29,No
795,069bd5a74ecf4f75b945ebb13337ad20,40,Yes
796,c424a03f94c84b6696e347c4ee83ab4d,97,No
797,c424a03f94c84b6696e347c4ee83ab4d,67,Yes
798,c424a03f94c84b6696e347c4ee83ab4d,27,No
799,c424a03f94c84b6696e347c4ee83ab4d,76,No
800,c424a03f94c84b6696e347c4ee83ab4d,90,No
801,7379aa030a584797945799feb54c40db,67,Yes
802,7379aa030a584797945799feb54c40db,84,No
803,7379aa030a584797945799feb54c40db,25,Yes
804,7379aa030a584797945799feb54c40db,89,No
805,7379aa030a584797945799feb54c40db,18,Yes
806,384e8e8212c5447bbd96ce8eab7f34f4,29,Yes
807,384e8e8212c5447bbd96ce8eab7f34f4,41,No
808,384e8e8212c5447bbd96ce8eab7f34f4,91,No
809,384e8e8212c5447bbd96ce8eab7f34f4,90,No
810,384e8e8212c5447bbd96ce8eab7f34f4,56,Yes
811,cdcfad3d69de439d9d15c96e48551bb7,99,No
812,cdcfad3d69de439d9d15c96e48551bb7,18,No
813,cdcfad3d69de439d9d15c96e48551bb7,74,Yes
814,cdcfad3d69de439d9d15c96e48551bb7,27,Yes
815,cdcfad3d69de439d9d15c96e48551bb7,85,No
816,e35ed75f32474410bdcdb378296773c3,46,No
817,e35ed75f32474410bdcdb378296773c3,9,No
818,e35ed75f32474410bdcdb378296773c3,55,Yes
819,e35ed75f32474410bdcdb378296773c3,36,No
820,e35ed75f32474410bdcdb378296773c3,61,Yes
821,afe2f403285343d992e7c43966a8893a,72,Yes
822,afe2f403285343d992e7c43966a8893a,16,No
823,afe2f403285343d992e7c43966a8893a,34,Yes
824,afe2f403285343d992e7c43966a8893a,94,No
825,afe2f403285343d992e7c43966a8893a,13,No
826,09b933379d9949948d25615443a001dc,81,No
827,09b933379d9949948d25615443a001dc,12,Yes
828,09b933379d9949948d25615443a001dc,20,Yes
829,09b933379d9949948d25615443a001dc,82,No
830,09b933379d9949948d25615443a001dc,96,No
831,defdbf2b03904bb5adb66aa5bdfcb81b,6,No
832,defdbf2b03904bb5adb66aa5bdfcb81b,35,Yes
833,defdbf2b03904bb5adb66aa5bdfcb81b,14,No
834,defdbf2b03904bb5adb66aa5bdfcb81b,17,No
835,defdbf2b03904bb5adb66aa5bdfcb81b,96,No
836,d4cbb3347f9f4e4caa05739cd00611d0,75,Yes
837,d4cbb3347f9f4e4caa05739cd00611d0,52,Yes
838,d4cbb3347f9f4e4caa05739cd00611d0,62,No
839,d4cbb3347f9f4e4caa05739cd00611d0,3,No
840,d4cbb3347f9f4e4caa05739cd00611d0,36,No
841,5cf592f9d97f436886048a20a7190f08,67,No
842,5cf592f9d97f436886048a20a7190f08,24,No
843,5cf592f9d97f436886048a20a7190f08,6,No
844,5cf592f9d97f436886048a20a7190f08,88,No
845,5cf592f9d97f436886048a20a7190f08,73,Yes
846,39fd99ea5bc84139a13e3b88774f2194,45,No
847,39fd99ea5bc84139a13e3b88774f2194,40,Yes
848,39fd99ea5bc84139a13e3b88774f2194,18,No
849,39fd99ea5bc84139a13e3b88774f2194,61,Yes
850,39fd99ea5bc84139a13e3b88774f2194,57,Yes
851,72d34607ebdb4ff3bf5e5683e1ecce7d,91,No
852,72d34607ebdb4ff3bf5e5683e1ecce7d,80,No
853,72d34607ebdb4ff3bf5e5683e1ecce7d,60,Yes
854,72d34607ebdb4ff3bf5e5683e1ecce7d,88,No
855,72d34607ebdb4ff3bf5e5683e1ecce7d,66,Yes
856,7f0d6057943a4108933ffa0b63228694,6,No
857,7f0d6057943a4108933ffa0b63228694,19,No
858,7f0d6057943a4108933ffa0b63228694,11,No
859,7f0d6057943a4108933ffa0b63228694,50,No
860,7f0d6057943a4108933ffa0b63228694,3,No
861,588035e9e1114338973cd97df8ea83bc,16,No
862,588035e9e1114338973cd97df8ea83bc,22,No
863,588035e9e1114338973cd97df8ea83bc,83,No
864,588035e9e1114338973cd97df8ea83bc,47,No
865,588035e9e1114338973cd97df8ea83bc,50,No
866,1c25ffc6da6647fba7f5f0d6c24eecea,24,No
867,1c25ffc6da6647fba7f5f0d6c24eecea,50,Yes
868,1c25ffc6da6647fba7f5f0d6c24eecea,89,No
869,1c25ffc6da6647fba7f5f0d6c24eecea,23,No
870,1c25ffc6da6647fba7f5f0d6c24eecea,20,No
871,af301ccd35a14ac098ef7519c884d391,71,Yes
872,af301ccd35a14ac098ef7519c884d391,10,Yes
873,af301ccd35a14ac098ef7519c884d391,57,Yes
874,af301ccd35a14ac098ef7519c884d391,59,Yes
875,af301ccd35a14ac098ef7519c884d391,40,No
876,4f3c08d913c843ba8faa9280d85a6748,49,No
877,4f3c08d913c843ba8faa9280d85a6748,35,No
878,4f3c08d913c843ba8faa9280d85a6748,72,Yes
879,4f3c08d913c843ba8faa9280d85a6748,43,No
880,4f3c08d913c843ba8faa9280d85a6748,36,Yes
881,3dbbddc1c4274fb08c2a3d2efa3d5937,3,No
882,3dbbddc1c4274fb08c2a3d2efa3d5937,85,No
883,3dbbddc1c4274fb08c2a3d2efa3d5937,60,Yes
884,3dbbddc1c4274fb08c2a3d2efa3d5937,56,Yes
885,3dbbddc1c4274fb08c2a3d2efa3d5937,77,No
886,b078c21164344f2695b5e8dbfbd83368,51,Yes
887,b078c21164344f2695b5e8dbfbd83368,3,No
888,b078c21164344f2695b5e8dbfbd83368,9,No
889,b078c21164344f2695b5e8dbfbd83368,72,No
890,b078c21164344f2695b5e8dbfbd83368,70,No
891,c3cf0a48a98d431caeb2d22182769c78,88,No
892,c3cf0a48a98d431caeb2d22182769c78,35,No
893,c3cf0a48a98d431caeb2d22182769c78,90,No
894,c3cf0a48a98d431caeb2d22182769c78,66,Yes
895,c3cf0a48a98d431caeb2d22182769c78,86,No
896,ecaddf5bd3214ec6878488f406bb992d,59,Yes
897,ecaddf5bd3214ec6878488f406bb992d,67,No
898,ecaddf5bd3214ec6878488f406bb992d,44,No
899,ecaddf5bd3214ec6878488f406bb992d,5,Yes
900,ecaddf5bd3214ec6878488f406bb992d,32,No
929,0bf45a9643ca4ed4ad8950fc23d081f4,95,No
930,0bf45a9643ca4ed4ad8950fc23d081f4,18,Yes
931,0bf45a9643ca4ed4ad8950fc23d081f4,46,Yes
932,0bf45a9643ca4ed4ad8950fc23d081f4,45,Yes
933,0bf45a9643ca4ed4ad8950fc23d081f4,29,Yes
934,54259ecde8034b7c86f81b152b355a15,94,No
935,54259ecde8034b7c86f81b152b355a15,69,Yes
936,54259ecde8034b7c86f81b152b355a15,48,No
937,54259ecde8034b7c86f81b152b355a15,29,No
938,54259ecde8034b7c86f81b152b355a15,14,Yes
939,f2a8856a6d17414dbb0adc623a89c214,54,Yes
940,f2a8856a6d17414dbb0adc623a89c214,17,No
941,f2a8856a6d17414dbb0adc623a89c214,78,No
942,f2a8856a6d17414dbb0adc623a89c214,13,No
943,f2a8856a6d17414dbb0adc623a89c214,57,Yes
944,7302ef52572c467ca2986e3c9e98555a,2,No
945,7302ef52572c467ca2986e3c9e98555a,27,Yes
946,7302ef52572c467ca2986e3c9e98555a,35,No
947,7302ef52572c467ca2986e3c9e98555a,92,No
948,7302ef52572c467ca2986e3c9e98555a,91,No
949,f97bdfecedd842ec88e73fbe749dbca9,76,No
950,f97bdfecedd842ec88e73fbe749dbca9,68,Yes
951,f97bdfecedd842ec88e73fbe749dbca9,65,Yes
952,f97bdfecedd842ec88e73fbe749dbca9,55,Yes
953,f97bdfecedd842ec88e73fbe749dbca9,49,Yes
954,3901d7e3245743208e9179b153f3bce2,32,No
955,3901d7e3245743208e9179b153f3bce2,8,Yes
956,3901d7e3245743208e9179b153f3bce2,86,No
957,3901d7e3245743208e9179b153f3bce2,39,Yes
958,3901d7e3245743208e9179b153f3bce2,51,Yes
959,9de3d9390ccc4b26b65988070487bc4c,54,Yes
960,9de3d9390ccc4b26b65988070487bc4c,44,Yes
961,9de3d9390ccc4b26b65988070487bc4c,31,No
962,9de3d9390ccc4b26b65988070487bc4c,24,No
963,9de3d9390ccc4b26b65988070487bc4c,35,No
964,c02a5787bf644e8ea16f5b4185271eea,70,Yes
965,c02a5787bf644e8ea16f5b4185271eea,50,No
966,c02a5787bf644e8ea16f5b4185271eea,71,Yes
967,c02a5787bf644e8ea16f5b4185271eea,59,Yes
968,c02a5787bf644e8ea16f5b4185271eea,81,No
969,d03ba33131804b16ab2bad4ac73e3089,11,No
970,d03ba33131804b16ab2bad4ac73e3089,26,Yes
971,d03ba33131804b16ab2bad4ac73e3089,27,Yes
972,d03ba33131804b16ab2bad4ac73e3089,38,Yes
973,d03ba33131804b16ab2bad4ac73e3089,90,No
974,384cfeaffd7d4c82bed344ebe5951a63,20,Yes
975,384cfeaffd7d4c82bed344ebe5951a63,85,No
976,384cfeaffd7d4c82bed344ebe5951a63,35,Yes
977,384cfeaffd7d4c82bed344ebe5951a63,10,Yes
978,384cfeaffd7d4c82bed344ebe5951a63,33,Yes
979,fb6979e672454ff1bf35a47274f7f3ba,44,Yes
980,fb6979e672454ff1bf35a47274f7f3ba,49,No
981,fb6979e672454ff1bf35a47274f7f3ba,14,No
982,fb6979e672454ff1bf35a47274f7f3ba,91,No
983,fb6979e672454ff1bf35a47274f7f3ba,18,Yes
984,d72c717c05674f368dbb224041621460,81,No
985,d72c717c05674f368dbb224041621460,74,Yes
986,d72c717c05674f368dbb224041621460,12,Yes
987,d72c717c05674f368dbb224041621460,48,No
988,d72c717c05674f368dbb224041621460,1,Yes
989,5275feb242fe428ca6444dde6bb83c19,23,No
990,5275feb242fe428ca6444dde6bb83c19,15,No
991,5275feb242fe428ca6444dde6bb83c19,77,No
992,5275feb242fe428ca6444dde6bb83c19,44,Yes
993,5275feb242fe428ca6444dde6bb83c19,99,No
994,72f2964fa5614e72abe7263985fd7a06,4,Yes
995,72f2964fa5614e72abe7263985fd7a06,17,No
996,72f2964fa5614e72abe7263985fd7a06,71,No
997,72f2964fa5614e72abe7263985fd7a06,46,No
998,72f2964fa5614e72abe7263985fd7a06,95,No
999,d74054120c574289a6511fa5ccdf4651,8,Yes
1000,d74054120c574289a6511fa5ccdf4651,60,Yes
1001,d74054120c574289a6511fa5ccdf4651,7,Yes
1002,d74054120c574289a6511fa5ccdf4651,30,Yes
1003,d74054120c574289a6511fa5ccdf4651,17,No
1004,77dd301f97034fb3a1ceeaa79b18e94b,44,No
1005,77dd301f97034fb3a1ceeaa79b18e94b,64,Yes
1006,77dd301f97034fb3a1ceeaa79b18e94b,76,No
1007,77dd301f97034fb3a1ceeaa79b18e94b,60,Yes
1008,77dd301f97034fb3a1ceeaa79b18e94b,99,No
1009,d1357ebad9094329bbd51500c9b4ba2f,77,No
1010,d1357ebad9094329bbd51500c9b4ba2f,61,Yes
1011,d1357ebad9094329bbd51500c9b4ba2f,88,Yes
1012,d1357ebad9094329bbd51500c9b4ba2f,70,Yes
1013,d1357ebad9094329bbd51500c9b4ba2f,50,Yes
1014,d8ab868dccdc4c7584e8cf7ead2483ef,64,No
1015,d8ab868dccdc4c7584e8cf7ead2483ef,94,No
1016,d8ab868dccdc4c7584e8cf7ead2483ef,37,No
1017,d8ab868dccdc4c7584e8cf7ead2483ef,42,No
1018,d8ab868dccdc4c7584e8cf7ead2483ef,59,No
1019,ddc74e5a64354827a2458f2f4db6c856,76,No
1020,ddc74e5a64354827a2458f2f4db6c856,45,Yes
1021,ddc74e5a64354827a2458f2f4db6c856,65,Yes
1022,ddc74e5a64354827a2458f2f4db6c856,94,Yes
1023,ddc74e5a64354827a2458f2f4db6c856,10,Yes
1024,444244e3b7cb4a6bba0485f1c6c24e42,41,No
1025,444244e3b7cb4a6bba0485f1c6c24e42,73,No
1026,444244e3b7cb4a6bba0485f1c6c24e42,100,No
1027,444244e3b7cb4a6bba0485f1c6c24e42,91,No
1028,444244e3b7cb4a6bba0485f1c6c24e42,31,Yes
1029,15b19d509205428bbcde88a0b8a185da,45,No
1030,15b19d509205428bbcde88a0b8a185da,73,Yes
1031,15b19d509205428bbcde88a0b8a185da,76,No
1032,15b19d509205428bbcde88a0b8a185da,56,Yes
1033,15b19d509205428bbcde88a0b8a185da,80,No
1034,0afe274ebc77490b97f69235c93039d2,36,Yes
1035,0afe274ebc77490b97f69235c93039d2,62,Yes
1036,0afe274ebc77490b97f69235c93039d2,87,No
1037,0afe274ebc77490b97f69235c93039d2,19,Yes
1038,0afe274ebc77490b97f69235c93039d2,45,Yes
1039,360c7c78a17c4589b53d697471587c91,97,No
1040,360c7c78a17c4589b53d697471587c91,4,Yes
1041,360c7c78a17c4589b53d697471587c91,34,Yes
1042,360c7c78a17c4589b53d697471587c91,65,Yes
1043,360c7c78a17c4589b53d697471587c91,92,No
1044,57836e0ea85049099deac12d137aacd1,12,Yes
1045,57836e0ea85049099deac12d137aacd1,51,Yes
1046,57836e0ea85049099deac12d137aacd1,59,Yes
1047,57836e0ea85049099deac12d137aacd1,8,Yes
1048,57836e0ea85049099deac12d137aacd1,91,No
1049,cec3226de7ce409b92efd8d13a87fe4b,28,Yes
1050,cec3226de7ce409b92efd8d13a87fe4b,83,No
1051,cec3226de7ce409b92efd8d13a87fe4b,24,No
1052,cec3226de7ce409b92efd8d13a87fe4b,11,No
1053,cec3226de7ce409b92efd8d13a87fe4b,85,No
1054,c573c055c01e4e919313069d152bce58,30,Yes
1055,c573c055c01e4e919313069d152bce58,12,No
1056,c573c055c01e4e919313069d152bce58,5,Yes
1057,c573c055c01e4e919313069d152bce58,54,Yes
1058,c573c055c01e4e919313069d152bce58,67,Yes
1059,f321e92e67f044a4aa00a2f7159de31b,88,No
1060,f321e92e67f044a4aa00a2f7159de31b,65,Yes
1061,f321e92e67f044a4aa00a2f7159de31b,79,No
1062,f321e92e67f044a4aa00a2f7159de31b,30,Yes
1063,f321e92e67f044a4aa00a2f7159de31b,34,No
1064,860caf121c32488bb9dda9b846e92131,18,No
1065,860caf121c32488bb9dda9b846e92131,7,Yes
1066,860caf121c32488bb9dda9b846e92131,63,Yes
1067,860caf121c32488bb9dda9b846e92131,94,No
1068,860caf121c32488bb9dda9b846e92131,99,No
1069,afa419da05e1449c8882ddd4d2f9b5a5,13,No
1070,afa419da05e1449c8882ddd4d2f9b5a5,3,Yes
1071,afa419da05e1449c8882ddd4d2f9b5a5,41,Yes
1072,afa419da05e1449c8882ddd4d2f9b5a5,16,No
1073,afa419da05e1449c8882ddd4d2f9b5a5,27,Yes
1074,d917600d6a334078875f513cc7d06fb3,54,Yes
1075,d917600d6a334078875f513cc7d06fb3,43,Yes
1076,d917600d6a334078875f513cc7d06fb3,81,No
1077,d917600d6a334078875f513cc7d06fb3,85,No
1078,d917600d6a334078875f513cc7d06fb3,91,No
1079,74882599398642daab074294cda04f45,86,No
1080,74882599398642daab074294cda04f45,89,No
1081,74882599398642daab074294cda04f45,88,Yes
1082,74882599398642daab074294cda04f45,45,Yes
1083,74882599398642daab074294cda04f45,73,Yes
1084,5e5abbb1f94a49acbe7ad36dd9c019b7,93,No
1085,5e5abbb1f94a49acbe7ad36dd9c019b7,13,No
1086,5e5abbb1f94a49acbe7ad36dd9c019b7,8,Yes
1087,5e5abbb1f94a49acbe7ad36dd9c019b7,55,Yes
1088,5e5abbb1f94a49acbe7ad36dd9c019b7,72,No
1089,21d617ccb9ee42128f3decdbc8709fd1,74,No
1090,21d617ccb9ee42128f3decdbc8709fd1,43,No
1091,21d617ccb9ee42128f3decdbc8709fd1,63,No
1092,21d617ccb9ee42128f3decdbc8709fd1,18,No
1093,21d617ccb9ee42128f3decdbc8709fd1,57,No
1094,5d4967819c94486882c742a0c42f4585,31,Yes
1095,5d4967819c94486882c742a0c42f4585,20,No
1096,5d4967819c94486882c742a0c42f4585,1,Yes
1097,5d4967819c94486882c742a0c42f4585,79,No
1098,5d4967819c94486882c742a0c42f4585,88,No
1099,bc819f1acf4140f2a3efb959a1df1bc2,83,No
1100,bc819f1acf4140f2a3efb959a1df1bc2,52,Yes
1101,bc819f1acf4140f2a3efb959a1df1bc2,17,No
1102,bc819f1acf4140f2a3efb959a1df1bc2,56,Yes
1103,bc819f1acf4140f2a3efb959a1df1bc2,95,No
1104,530c4a6e82ec485d87449c696fcc9942,94,No
1105,530c4a6e82ec485d87449c696fcc9942,49,No
1106,530c4a6e82ec485d87449c696fcc9942,1,Yes
1107,530c4a6e82ec485d87449c696fcc9942,46,No
1108,530c4a6e82ec485d87449c696fcc9942,9,Yes
1109,9f9d1d48c94e4321a2c96fd6717d5178,28,No
1110,9f9d1d48c94e4321a2c96fd6717d5178,60,No
1111,9f9d1d48c94e4321a2c96fd6717d5178,52,No
1112,9f9d1d48c94e4321a2c96fd6717d5178,33,No
1113,9f9d1d48c94e4321a2c96fd6717d5178,84,No
1114,64b582c4248b433ca651750ae9cdfe63,67,Yes
1115,64b582c4248b433ca651750ae9cdfe63,75,No
1116,64b582c4248b433ca651750ae9cdfe63,20,No
1117,64b582c4248b433ca651750ae9cdfe63,26,Yes
1118,64b582c4248b433ca651750ae9cdfe63,33,Yes
1119,d833d0a4938f4ed880cf658fdb775029,34,No
1120,d833d0a4938f4ed880cf658fdb775029,69,No
1121,d833d0a4938f4ed880cf658fdb775029,59,Yes
1122,d833d0a4938f4ed880cf658fdb775029,94,No
1123,d833d0a4938f4ed880cf658fdb775029,56,Yes
1124,999712e746b3480f95529aa3592a457c,92,No
1125,999712e746b3480f95529aa3592a457c,38,Yes
1126,999712e746b3480f95529aa3592a457c,52,Yes
1127,999712e746b3480f95529aa3592a457c,48,Yes
1128,999712e746b3480f95529aa3592a457c,74,Yes
1129,b13853dd114d4871ae6a79e1ea66386f,30,No
1130,b13853dd114d4871ae6a79e1ea66386f,49,No
1131,b13853dd114d4871ae6a79e1ea66386f,95,No
1132,b13853dd114d4871ae6a79e1ea66386f,94,No
1133,b13853dd114d4871ae6a79e1ea66386f,33,No
1134,3404032455754d4e9e36dca5f415ce58,84,No
1135,3404032455754d4e9e36dca5f415ce58,89,No
1136,3404032455754d4e9e36dca5f415ce58,32,No
1137,3404032455754d4e9e36dca5f415ce58,59,Yes
1138,3404032455754d4e9e36dca5f415ce58,79,No
1139,6f4cb74be4e048bdbcaa130789c47158,10,Yes
1140,6f4cb74be4e048bdbcaa130789c47158,77,Yes
1141,6f4cb74be4e048bdbcaa130789c47158,66,No
1142,6f4cb74be4e048bdbcaa130789c47158,88,Yes
1143,6f4cb74be4e048bdbcaa130789c47158,2,No
1144,e2d37e7b550b4d7780bd46c7fb79c67b,66,Yes
1145,e2d37e7b550b4d7780bd46c7fb79c67b,65,Yes
1146,e2d37e7b550b4d7780bd46c7fb79c67b,84,No
1147,e2d37e7b550b4d7780bd46c7fb79c67b,24,Yes
1148,e2d37e7b550b4d7780bd46c7fb79c67b,85,No
1149,59ccdcfb5dad4387b96a158aceda81f5,93,No
1150,59ccdcfb5dad4387b96a158aceda81f5,20,Yes
1151,59ccdcfb5dad4387b96a158aceda81f5,95,No
1152,59ccdcfb5dad4387b96a158aceda81f5,45,Yes
1153,59ccdcfb5dad4387b96a158aceda81f5,80,No
1154,f19b47439324439d8c9af77bc85d6c53,12,No
1155,f19b47439324439d8c9af77bc85d6c53,97,No
1156,f19b47439324439d8c9af77bc85d6c53,86,No
1157,f19b47439324439d8c9af77bc85d6c53,56,Yes
1158,f19b47439324439d8c9af77bc85d6c53,87,No
1159,b7155f9d591044969fa7b958265ee560,89,No
1160,b7155f9d591044969fa7b958265ee560,67,Yes
1161,b7155f9d591044969fa7b958265ee560,23,Yes
1162,b7155f9d591044969fa7b958265ee560,37,Yes
1163,b7155f9d591044969fa7b958265ee560,78,No
1164,c43869a85b8d4842a4ad91a0dd3df46b,35,Yes
1165,c43869a85b8d4842a4ad91a0dd3df46b,43,No
1166,c43869a85b8d4842a4ad91a0dd3df46b,47,Yes
1167,c43869a85b8d4842a4ad91a0dd3df46b,45,Yes
1168,c43869a85b8d4842a4ad91a0dd3df46b,4,Yes
1169,e221d9218cd94fbfae7b3081f2618290,88,Yes
1170,e221d9218cd94fbfae7b3081f2618290,99,No
1171,e221d9218cd94fbfae7b3081f2618290,68,Yes
1172,e221d9218cd94fbfae7b3081f2618290,95,No
1173,e221d9218cd94fbfae7b3081f2618290,80,Yes
1174,38d6322a1576495d8c62ee2f15547bfe,67,Yes
1175,38d6322a1576495d8c62ee2f15547bfe,8,No
1176,38d6322a1576495d8c62ee2f15547bfe,1,Yes
1177,38d6322a1576495d8c62ee2f15547bfe,25,No
1178,38d6322a1576495d8c62ee2f15547bfe,32,No
1179,a7228e29dd664beea1d88b0786788d42,27,Yes
1180,a7228e29dd664beea1d88b0786788d42,33,Yes
1181,a7228e29dd664beea1d88b0786788d42,32,Yes
1182,a7228e29dd664beea1d88b0786788d42,53,Yes
1183,a7228e29dd664beea1d88b0786788d42,18,Yes
1184,884de0ebe8ea4a9ca716e72174cba13d,61,Yes
1185,884de0ebe8ea4a9ca716e72174cba13d,42,No
1186,884de0ebe8ea4a9ca716e72174cba13d,39,No
1187,884de0ebe8ea4a9ca716e72174cba13d,95,No
1188,884de0ebe8ea4a9ca716e72174cba13d,69,Yes
1189,73ec66f71c0046a88d41ee67d644d2c0,36,Yes
1190,73ec66f71c0046a88d41ee67d644d2c0,13,Yes
1191,73ec66f71c0046a88d41ee67d644d2c0,43,No
1192,73ec66f71c0046a88d41ee67d644d2c0,16,No
1193,73ec66f71c0046a88d41ee67d644d2c0,23,Yes
1194,fddf52de41344d028670c602f5490c09,100,No
1195,fddf52de41344d028670c602f5490c09,43,No
1196,fddf52de41344d028670c602f5490c09,35,No
1197,fddf52de41344d028670c602f5490c09,76,No
1198,fddf52de41344d028670c602f5490c09,4,No
1199,46c0fd556e304cfaad59b00610932229,77,No
1200,46c0fd556e304cfaad59b00610932229,53,Yes
1201,46c0fd556e304cfaad59b00610932229,25,Yes
1202,46c0fd556e304cfaad59b00610932229,94,Yes
1203,46c0fd556e304cfaad59b00610932229,31,Yes
1204,17f8acf3a04c44f69f0a5c153c4b45eb,79,No
1205,17f8acf3a04c44f69f0a5c153c4b45eb,42,Yes
1206,17f8acf3a04c44f69f0a5c153c4b45eb,5,Yes
1207,17f8acf3a04c44f69f0a5c153c4b45eb,20,Yes
1208,17f8acf3a04c44f69f0a5c153c4b45eb,85,No
1209,d87ba70e24ea4eb987a9e36960ed772b,57,Yes
1210,d87ba70e24ea4eb987a9e36960ed772b,1,Yes
1211,d87ba70e24ea4eb987a9e36960ed772b,81,No
1212,d87ba70e24ea4eb987a9e36960ed772b,86,No
1213,d87ba70e24ea4eb987a9e36960ed772b,16,Yes
1214,5363335e13fe404484faef22bc6885e2,56,Yes
1215,5363335e13fe404484faef22bc6885e2,77,No
1216,5363335e13fe404484faef22bc6885e2,28,Yes
1217,5363335e13fe404484faef22bc6885e2,37,No
1218,5363335e13fe404484faef22bc6885e2,20,No
1219,11d761741064429d93213338a5e3feeb,32,No
1220,11d761741064429d93213338a5e3feeb,15,No
1221,11d761741064429d93213338a5e3feeb,19,No
1222,11d761741064429d93213338a5e3feeb,87,No
1223,11d761741064429d93213338a5e3feeb,24,No
1224,fd1a28e767f94138ab13dabdae65ab52,31,No
1225,fd1a28e767f94138ab13dabdae65ab52,32,No
1226,fd1a28e767f94138ab13dabdae65ab52,38,No
1227,fd1a28e767f94138ab13dabdae65ab52,82,No
1228,fd1a28e767f94138ab13dabdae65ab52,55,Yes
1229,526cdb0662904275ae8ff9096db265a8,10,Yes
1230,526cdb0662904275ae8ff9096db265a8,9,Yes
1231,526cdb0662904275ae8ff9096db265a8,41,Yes
1232,526cdb0662904275ae8ff9096db265a8,18,No
1233,526cdb0662904275ae8ff9096db265a8,87,No
1234,9af468503dbf4a7ba46e14b24de6bf31,50,Yes
1235,9af468503dbf4a7ba46e14b24de6bf31,10,Yes
1236,9af468503dbf4a7ba46e14b24de6bf31,60,Yes
1237,9af468503dbf4a7ba46e14b24de6bf31,62,No
1238,9af468503dbf4a7ba46e14b24de6bf31,88,No
1239,7ded251b8ec44dbea2a06db17f14028c,1,Yes
1240,7ded251b8ec44dbea2a06db17f14028c,34,No
1241,7ded251b8ec44dbea2a06db17f14028c,37,No
1242,7ded251b8ec44dbea2a06db17f14028c,3,No
1243,7ded251b8ec44dbea2a06db17f14028c,80,No
1244,b471964f9ba54eb79e0cad91087bf670,72,No
1245,b471964f9ba54eb79e0cad91087bf670,30,No
1246,b471964f9ba54eb79e0cad91087bf670,7,Yes
1247,b471964f9ba54eb79e0cad91087bf670,2,No
1248,b471964f9ba54eb79e0cad91087bf670,25,No
1249,dea0d04c580348f694bcd4209522c991,85,No
1250,dea0d04c580348f694bcd4209522c991,25,No
1251,dea0d04c580348f694bcd4209522c991,14,No
1252,dea0d04c580348f694bcd4209522c991,40,Yes
1253,dea0d04c580348f694bcd4209522c991,21,Yes
1254,1fd13f4583734cf49ee7a0ce8bec60ca,84,No
1255,1fd13f4583734cf49ee7a0ce8bec60ca,25,Yes
1256,1fd13f4583734cf49ee7a0ce8bec60ca,48,No
1257,1fd13f4583734cf49ee7a0ce8bec60ca,62,Yes
1258,1fd13f4583734cf49ee7a0ce8bec60ca,45,Yes
1259,104dc79656d949c58018bec19ad40a04,71,Yes
1260,104dc79656d949c58018bec19ad40a04,100,No
1261,104dc79656d949c58018bec19ad40a04,86,No
1262,104dc79656d949c58018bec19ad40a04,76,No
1263,104dc79656d949c58018bec19ad40a04,46,Yes
1264,c5ebe2f7cb854a6893ddb78ccef40f10,35,Yes
1265,c5ebe2f7cb854a6893ddb78ccef40f10,100,No
1266,c5ebe2f7cb854a6893ddb78ccef40f10,53,Yes
1267,c5ebe2f7cb854a6893ddb78ccef40f10,15,No
1268,c5ebe2f7cb854a6893ddb78ccef40f10,42,Yes
1269,94ca37dd93b847c1bc7ff5a50e86ea02,69,No
1270,94ca37dd93b847c1bc7ff5a50e86ea02,57,No
1271,94ca37dd93b847c1bc7ff5a50e86ea02,81,No
1272,94ca37dd93b847c1bc7ff5a50e86ea02,28,No
1273,94ca37dd93b847c1bc7ff5a50e86ea02,38,No
1274,4529eae1916c44549c594bdbbc5882b4,55,Yes
1275,4529eae1916c44549c594bdbbc5882b4,82,No
1276,4529eae1916c44549c594bdbbc5882b4,70,No
1277,4529eae1916c44549c594bdbbc5882b4,78,No
1278,4529eae1916c44549c594bdbbc5882b4,4,Yes
1279,1210d291606647eba22ddafe1db767bc,83,No
1280,1210d291606647eba22ddafe1db767bc,49,Yes
1281,1210d291606647eba22ddafe1db767bc,34,Yes
1282,1210d291606647eba22ddafe1db767bc,31,Yes
1283,1210d291606647eba22ddafe1db767bc,18,No
1284,4df32df7b4384b788402637b8658113a,38,No
1285,4df32df7b4384b788402637b8658113a,21,Yes
1286,4df32df7b4384b788402637b8658113a,90,No
1287,4df32df7b4384b788402637b8658113a,16,Yes
1288,4df32df7b4384b788402637b8658113a,58,Yes
1289,e6fe429665e6400b9a969d3622b9ee0d,81,No
1290,e6fe429665e6400b9a969d3622b9ee0d,87,No
1291,e6fe429665e6400b9a969d3622b9ee0d,21,Yes
1292,e6fe429665e6400b9a969d3622b9ee0d,91,Yes
1293,e6fe429665e6400b9a969d3622b9ee0d,43,Yes
1294,cbece4f76e0246a88c8d7d5e1a9d1520,32,No
1295,cbece4f76e0246a88c8d7d5e1a9d1520,50,No
1296,cbece4f76e0246a88c8d7d5e1a9d1520,85,No
1297,cbece4f76e0246a88c8d7d5e1a9d1520,30,Yes
1298,cbece4f76e0246a88c8d7d5e1a9d1520,31,Yes
1299,e0b792501986489789d23975b0849980,89,No
1300,e0b792501986489789d23975b0849980,61,Yes
1301,e0b792501986489789d23975b0849980,4,Yes
1302,e0b792501986489789d23975b0849980,34,No
1303,e0b792501986489789d23975b0849980,41,No
1304,789c3ccafe4f456399da16c83fbe313c,19,No
1305,789c3ccafe4f456399da16c83fbe313c,52,Yes
1306,789c3ccafe4f456399da16c83fbe313c,92,No
1307,789c3ccafe4f456399da16c83fbe313c,78,No
1308,789c3ccafe4f456399da16c83fbe313c,67,Yes
1309,aab83c0468614088ae51d69d99a84b36,61,Yes
1310,aab83c0468614088ae51d69d99a84b36,44,Yes
1311,aab83c0468614088ae51d69d99a84b36,60,Yes
1312,aab83c0468614088ae51d69d99a84b36,90,No
1313,aab83c0468614088ae51d69d99a84b36,74,Yes
1314,fff654118d4c435aaafc74481aa949d2,56,Yes
1315,fff654118d4c435aaafc74481aa949d2,84,No
1316,fff654118d4c435aaafc74481aa949d2,77,No
1317,fff654118d4c435aaafc74481aa949d2,85,No
1318,fff654118d4c435aaafc74481aa949d2,50,No
1319,909116eefc4d4b319186d39d0fae2545,90,No
1320,909116eefc4d4b319186d39d0fae2545,4,Yes
1321,909116eefc4d4b319186d39d0fae2545,29,Yes
1322,909116eefc4d4b319186d39d0fae2545,39,Yes
1323,909116eefc4d4b319186d39d0fae2545,13,No
1324,b6485cde45344c03aaf0bb0d39416654,43,Yes
1325,b6485cde45344c03aaf0bb0d39416654,39,Yes
1326,b6485cde45344c03aaf0bb0d39416654,88,No
1327,b6485cde45344c03aaf0bb0d39416654,72,Yes
1328,b6485cde45344c03aaf0bb0d39416654,45,No
1329,3f0112d578c647989e2ca0dd9df9d3fc,60,Yes
1330,3f0112d578c647989e2ca0dd9df9d3fc,44,No
1331,3f0112d578c647989e2ca0dd9df9d3fc,37,Yes
1332,3f0112d578c647989e2ca0dd9df9d3fc,8,Yes
1333,3f0112d578c647989e2ca0dd9df9d3fc,27,Yes
1334,a339b5baddde43c09b3216a66fa75999,33,No
1335,a339b5baddde43c09b3216a66fa75999,8,Yes
1336,a339b5baddde43c09b3216a66fa75999,55,Yes
1337,a339b5baddde43c09b3216a66fa75999,42,No
1338,a339b5baddde43c09b3216a66fa75999,54,Yes
1339,971fbd843e474aa29e97bd3a5db9c53d,22,No
1340,971fbd843e474aa29e97bd3a5db9c53d,90,No
1341,971fbd843e474aa29e97bd3a5db9c53d,2,Yes
1342,971fbd843e474aa29e97bd3a5db9c53d,32,Yes
1343,971fbd843e474aa29e97bd3a5db9c53d,92,No
1344,b96dd5e299f64e969922498e1041d619,91,No
1345,b96dd5e299f64e969922498e1041d619,51,Yes
1346,b96dd5e299f64e969922498e1041d619,63,No
1347,b96dd5e299f64e969922498e1041d619,62,No
1348,b96dd5e299f64e969922498e1041d619,47,No
1349,902928a3984d4cf8b6be4006ea15987e,9,Yes
1350,902928a3984d4cf8b6be4006ea15987e,82,No
1351,902928a3984d4cf8b6be4006ea15987e,89,No
1352,902928a3984d4cf8b6be4006ea15987e,30,Yes
1353,902928a3984d4cf8b6be4006ea15987e,50,Yes
1354,772a2f6873544e7194cbde0391136734,41,Yes
1355,772a2f6873544e7194cbde0391136734,8,Yes
1356,772a2f6873544e7194cbde0391136734,45,Yes
1357,772a2f6873544e7194cbde0391136734,93,No
1358,772a2f6873544e7194cbde0391136734,1,Yes
1359,cba5af166348496e9f3192e61b706b79,93,No
1360,cba5af166348496e9f3192e61b706b79,61,Yes
1361,cba5af166348496e9f3192e61b706b79,37,Yes
1362,cba5af166348496e9f3192e61b706b79,54,Yes
1363,cba5af166348496e9f3192e61b706b79,57,Yes
1364,598431db22a242f2ba30a4c5c4eda185,11,No
1365,598431db22a242f2ba30a4c5c4eda185,6,Yes
1366,598431db22a242f2ba30a4c5c4eda185,20,No
1367,598431db22a242f2ba30a4c5c4eda185,88,No
1368,598431db22a242f2ba30a4c5c4eda185,65,Yes
1369,0ab621033fc3413e9a4eb72102883004,63,Yes
1370,0ab621033fc3413e9a4eb72102883004,79,No
1371,0ab621033fc3413e9a4eb72102883004,59,Yes
1372,0ab621033fc3413e9a4eb72102883004,20,Yes
1373,0ab621033fc3413e9a4eb72102883004,34,Yes
1374,2e9fc07eb18044d29b20390e7785a774,14,No
1375,2e9fc07eb18044d29b20390e7785a774,68,Yes
1376,2e9fc07eb18044d29b20390e7785a774,24,Yes
1377,2e9fc07eb18044d29b20390e7785a774,31,Yes
1378,2e9fc07eb18044d29b20390e7785a774,65,Yes
1379,42f024da666f45c9a0fa7222bc4f16da,15,No
1380,42f024da666f45c9a0fa7222bc4f16da,12,No
1381,42f024da666f45c9a0fa7222bc4f16da,19,No
1382,42f024da666f45c9a0fa7222bc4f16da,91,No
1383,42f024da666f45c9a0fa7222bc4f16da,25,No
1384,2817ac08e537477bb98a44c8c65de89b,94,No
1385,2817ac08e537477bb98a44c8c65de89b,92,No
1386,2817ac08e537477bb98a44c8c65de89b,32,Yes
1387,2817ac08e537477bb98a44c8c65de89b,8,Yes
1388,2817ac08e537477bb98a44c8c65de89b,81,No
1389,d375c4c3ccd54cf8a1bbb3c28310e2c8,70,Yes
1390,d375c4c3ccd54cf8a1bbb3c28310e2c8,95,No
1391,d375c4c3ccd54cf8a1bbb3c28310e2c8,29,Yes
1392,d375c4c3ccd54cf8a1bbb3c28310e2c8,48,Yes
1393,d375c4c3ccd54cf8a1bbb3c28310e2c8,91,No
1394,29171278d8f24297bcdb56e6850f3336,27,Yes
1395,29171278d8f24297bcdb56e6850f3336,54,No
1396,29171278d8f24297bcdb56e6850f3336,72,Yes
1397,29171278d8f24297bcdb56e6850f3336,7,No
1398,29171278d8f24297bcdb56e6850f3336,63,Yes
1399,99d57ff6306749d3a2f416abaf6963a9,91,Yes
1400,99d57ff6306749d3a2f416abaf6963a9,85,No
1401,99d57ff6306749d3a2f416abaf6963a9,42,Yes
1402,99d57ff6306749d3a2f416abaf6963a9,95,No
1403,99d57ff6306749d3a2f416abaf6963a9,7,Yes
1404,3c824295fc744252855d1043ee836ee5,74,Yes
1405,3c824295fc744252855d1043ee836ee5,77,No
1406,3c824295fc744252855d1043ee836ee5,32,No
1407,3c824295fc744252855d1043ee836ee5,54,Yes
1408,3c824295fc744252855d1043ee836ee5,29,No
1409,338a7e27edae4e6e83b5a97a065eadf3,53,Yes
1410,338a7e27edae4e6e83b5a97a065eadf3,58,Yes
1411,338a7e27edae4e6e83b5a97a065eadf3,62,Yes
1412,338a7e27edae4e6e83b5a97a065eadf3,69,Yes
1413,338a7e27edae4e6e83b5a97a065eadf3,19,No
1414,163caa53a70b486482450de3b4a39da9,72,Yes
1415,163caa53a70b486482450de3b4a39da9,56,Yes
1416,163caa53a70b486482450de3b4a39da9,64,Yes
1417,163caa53a70b486482450de3b4a39da9,27,No
1418,163caa53a70b486482450de3b4a39da9,11,No
1419,d7c6aa3b00c94d1c8b9c77c18023b607,97,No
1420,d7c6aa3b00c94d1c8b9c77c18023b607,74,Yes
1421,d7c6aa3b00c94d1c8b9c77c18023b607,73,Yes
1422,d7c6aa3b00c94d1c8b9c77c18023b607,49,Yes
1423,d7c6aa3b00c94d1c8b9c77c18023b607,23,Yes
1424,908433721d034b7081ef95ed69b9f6ea,53,Yes
1425,908433721d034b7081ef95ed69b9f6ea,72,Yes
1426,908433721d034b7081ef95ed69b9f6ea,56,Yes
1427,908433721d034b7081ef95ed69b9f6ea,85,No
1428,908433721d034b7081ef95ed69b9f6ea,8,Yes
1429,35c8ce10d5644f4c8c745c51d23054c3,96,No
1430,35c8ce10d5644f4c8c745c51d23054c3,31,Yes
1431,35c8ce10d5644f4c8c745c51d23054c3,95,No
1432,35c8ce10d5644f4c8c745c51d23054c3,58,Yes
1433,35c8ce10d5644f4c8c745c51d23054c3,53,Yes
1434,e380559b6a594dbe905c72395b602517,63,Yes
1435,e380559b6a594dbe905c72395b602517,16,Yes
1436,e380559b6a594dbe905c72395b602517,59,Yes
1437,e380559b6a594dbe905c72395b602517,64,Yes
1438,e380559b6a594dbe905c72395b602517,85,No
1439,61e808412456432ea680338e9fdf6505,86,No
1440,61e808412456432ea680338e9fdf6505,87,No
1441,61e808412456432ea680338e9fdf6505,80,No
1442,61e808412456432ea680338e9fdf6505,65,Yes
1443,61e808412456432ea680338e9fdf6505,59,Yes
1444,cd4c0fc8e7594ff38ccd3b2840396650,28,Yes
1445,cd4c0fc8e7594ff38ccd3b2840396650,40,Yes
1446,cd4c0fc8e7594ff38ccd3b2840396650,81,No
1447,cd4c0fc8e7594ff38ccd3b2840396650,74,Yes
1448,cd4c0fc8e7594ff38ccd3b2840396650,54,Yes
1449,cad2c1dea05f43c1a6c260c1d21bd18c,22,No
1450,cad2c1dea05f43c1a6c260c1d21bd18c,86,No
1451,cad2c1dea05f43c1a6c260c1d21bd18c,63,Yes
1452,cad2c1dea05f43c1a6c260c1d21bd18c,96,No
1453,cad2c1dea05f43c1a6c260c1d21bd18c,66,Yes
1454,12029727621a432eb2aa768910910691,17,No
1455,12029727621a432eb2aa768910910691,28,Yes
1456,12029727621a432eb2aa768910910691,11,No
1457,12029727621a432eb2aa768910910691,77,No
1458,12029727621a432eb2aa768910910691,82,No
1459,618c1f0d3fa1445f8d8ab903313e4470,97,No
1460,618c1f0d3fa1445f8d8ab903313e4470,58,Yes
1461,618c1f0d3fa1445f8d8ab903313e4470,70,Yes
1462,618c1f0d3fa1445f8d8ab903313e4470,24,Yes
1463,618c1f0d3fa1445f8d8ab903313e4470,77,No
1464,c7b42af4f2fb49cf925675fbbe486a27,59,No
1465,c7b42af4f2fb49cf925675fbbe486a27,24,Yes
1466,c7b42af4f2fb49cf925675fbbe486a27,75,Yes
1467,c7b42af4f2fb49cf925675fbbe486a27,98,No
1468,c7b42af4f2fb49cf925675fbbe486a27,53,Yes
1469,b0d80eed545e401fb9c61b37acd18c81,71,No
1470,b0d80eed545e401fb9c61b37acd18c81,64,No
1471,b0d80eed545e401fb9c61b37acd18c81,85,No
1472,b0d80eed545e401fb9c61b37acd18c81,53,Yes
1473,b0d80eed545e401fb9c61b37acd18c81,5,Yes
1474,94c965c86c1e4bb28cf44f3bde06e585,3,Yes
1475,94c965c86c1e4bb28cf44f3bde06e585,71,Yes
1476,94c965c86c1e4bb28cf44f3bde06e585,6,Yes
1477,94c965c86c1e4bb28cf44f3bde06e585,62,Yes
1478,94c965c86c1e4bb28cf44f3bde06e585,76,No
1479,3b81c7ed515546199cd9e70150933e68,95,No
1480,3b81c7ed515546199cd9e70150933e68,97,No
1481,3b81c7ed515546199cd9e70150933e68,52,Yes
1482,3b81c7ed515546199cd9e70150933e68,21,Yes
1483,3b81c7ed515546199cd9e70150933e68,62,Yes
1484,dc365a3086fc4a08a44bb6389602e95b,7,Yes
1485,dc365a3086fc4a08a44bb6389602e95b,11,No
1486,dc365a3086fc4a08a44bb6389602e95b,69,Yes
1487,dc365a3086fc4a08a44bb6389602e95b,79,No
1488,dc365a3086fc4a08a44bb6389602e95b,35,Yes
1489,6489b2a8ee98425abef1af6c8bc56ba4,84,No
1490,6489b2a8ee98425abef1af6c8bc56ba4,88,No
1491,6489b2a8ee98425abef1af6c8bc56ba4,71,Yes
1492,6489b2a8ee98425abef1af6c8bc56ba4,12,No
1493,6489b2a8ee98425abef1af6c8bc56ba4,85,No
1494,a499a697ba6147dd86843e1ba8b635aa,65,No
1495,a499a697ba6147dd86843e1ba8b635aa,88,No
1496,a499a697ba6147dd86843e1ba8b635aa,72,No
1497,a499a697ba6147dd86843e1ba8b635aa,98,No
1498,a499a697ba6147dd86843e1ba8b635aa,77,No
1499,6939e05a429648379d32029a66340729,69,Yes
1500,6939e05a429648379d32029a66340729,54,Yes
1501,6939e05a429648379d32029a66340729,90,No
1502,6939e05a429648379d32029a66340729,95,No
1503,6939e05a429648379d32029a66340729,78,Yes
1504,0f3043035ac847019b5d8c24f0cb1b4b,74,No
1505,0f3043035ac847019b5d8c24f0cb1b4b,99,No
1506,0f3043035ac847019b5d8c24f0cb1b4b,59,Yes
1507,0f3043035ac847019b5d8c24f0cb1b4b,60,Yes
1508,0f3043035ac847019b5d8c24f0cb1b4b,96,No
1509,74b76e36c7014b2a8af5bb052992e412,49,No
1510,74b76e36c7014b2a8af5bb052992e412,48,Yes
1511,74b76e36c7014b2a8af5bb052992e412,31,No
1512,74b76e36c7014b2a8af5bb052992e412,43,No
1513,74b76e36c7014b2a8af5bb052992e412,27,Yes
1514,2eea6c7164954c63a2e7f0571360813d,87,No
1515,2eea6c7164954c63a2e7f0571360813d,12,Yes
1516,2eea6c7164954c63a2e7f0571360813d,14,Yes
1517,2eea6c7164954c63a2e7f0571360813d,50,No
1518,2eea6c7164954c63a2e7f0571360813d,34,Yes
1519,17fe69b02419484aa2ffd02a758b47e0,2,Yes
1520,17fe69b02419484aa2ffd02a758b47e0,33,Yes
1521,17fe69b02419484aa2ffd02a758b47e0,87,No
1522,17fe69b02419484aa2ffd02a758b47e0,12,Yes
1523,17fe69b02419484aa2ffd02a758b47e0,30,Yes
1524,e503b878ebdd42c78a60a83e69a7da41,76,No
1525,e503b878ebdd42c78a60a83e69a7da41,2,No
1526,e503b878ebdd42c78a60a83e69a7da41,50,No
1527,e503b878ebdd42c78a60a83e69a7da41,57,No
1528,e503b878ebdd42c78a60a83e69a7da41,71,No
1529,13934196ce85457cb6a03ef273c4358b,38,Yes
1530,13934196ce85457cb6a03ef273c4358b,97,No
1531,13934196ce85457cb6a03ef273c4358b,79,No
1532,13934196ce85457cb6a03ef273c4358b,23,No
1533,13934196ce85457cb6a03ef273c4358b,77,No
1534,3d985b6feacc402bba8745e5b144acf8,55,Yes
1535,3d985b6feacc402bba8745e5b144acf8,71,Yes
1536,3d985b6feacc402bba8745e5b144acf8,47,No
1537,3d985b6feacc402bba8745e5b144acf8,58,No
1538,3d985b6feacc402bba8745e5b144acf8,6,No
1539,1ce81e8b260a43e59b835381965a43a4,27,No
1540,1ce81e8b260a43e59b835381965a43a4,5,No
1541,1ce81e8b260a43e59b835381965a43a4,25,No
1542,1ce81e8b260a43e59b835381965a43a4,96,No
1543,1ce81e8b260a43e59b835381965a43a4,8,No
1544,b0ac7647e3b34eeba1581cb4a89495ac,19,Yes
1545,b0ac7647e3b34eeba1581cb4a89495ac,98,No
1546,b0ac7647e3b34eeba1581cb4a89495ac,23,Yes
1547,b0ac7647e3b34eeba1581cb4a89495ac,15,Yes
1548,b0ac7647e3b34eeba1581cb4a89495ac,17,Yes
1549,98e17ca13b084ff99375d0bab8544df6,56,Yes
1550,98e17ca13b084ff99375d0bab8544df6,61,Yes
1551,98e17ca13b084ff99375d0bab8544df6,19,No
1552,98e17ca13b084ff99375d0bab8544df6,35,Yes
1553,98e17ca13b084ff99375d0bab8544df6,18,No
1554,43856a4058f542cb9b09a315935d7d97,36,Yes
1555,43856a4058f542cb9b09a315935d7d97,93,No
1556,43856a4058f542cb9b09a315935d7d97,56,Yes
1557,43856a4058f542cb9b09a315935d7d97,46,Yes
1558,43856a4058f542cb9b09a315935d7d97,96,No
1559,10c4400fa8604d67967f7ce5f0240aff,90,No
1560,10c4400fa8604d67967f7ce5f0240aff,1,Yes
1561,10c4400fa8604d67967f7ce5f0240aff,55,Yes
1562,10c4400fa8604d67967f7ce5f0240aff,29,Yes
1563,10c4400fa8604d67967f7ce5f0240aff,27,Yes
1564,74d829d83b8d48ee8d024389d26237fa,30,No
1565,74d829d83b8d48ee8d024389d26237fa,23,Yes
1566,74d829d83b8d48ee8d024389d26237fa,76,No
1567,74d829d83b8d48ee8d024389d26237fa,97,No
1568,74d829d83b8d48ee8d024389d26237fa,37,No
1569,26812e84fcd9429d9e3061946882f73c,52,Yes
1570,26812e84fcd9429d9e3061946882f73c,73,Yes
1571,26812e84fcd9429d9e3061946882f73c,48,No
1572,26812e84fcd9429d9e3061946882f73c,24,Yes
1573,26812e84fcd9429d9e3061946882f73c,3,Yes
1574,dfef20acf5c641b294c3693008c4e98b,8,No
1575,dfef20acf5c641b294c3693008c4e98b,48,No
1576,dfef20acf5c641b294c3693008c4e98b,49,No
1577,dfef20acf5c641b294c3693008c4e98b,42,No
1578,dfef20acf5c641b294c3693008c4e98b,60,Yes
1579,dd6177c8333b4ab892a384b391c3dca9,78,Yes
1580,dd6177c8333b4ab892a384b391c3dca9,89,Yes
1581,dd6177c8333b4ab892a384b391c3dca9,62,Yes
1582,dd6177c8333b4ab892a384b391c3dca9,47,Yes
1583,dd6177c8333b4ab892a384b391c3dca9,36,Yes
1584,1ae31ae098454523a8298b397e73793e,12,Yes
1585,1ae31ae098454523a8298b397e73793e,4,Yes
1586,1ae31ae098454523a8298b397e73793e,77,No
1587,1ae31ae098454523a8298b397e73793e,67,Yes
1588,1ae31ae098454523a8298b397e73793e,56,Yes
1589,1a4a9a4c2c2748cd9c491263d79d136b,26,Yes
1590,1a4a9a4c2c2748cd9c491263d79d136b,72,Yes
1591,1a4a9a4c2c2748cd9c491263d79d136b,33,No
1592,1a4a9a4c2c2748cd9c491263d79d136b,18,No
1593,1a4a9a4c2c2748cd9c491263d79d136b,30,No
1594,9f41a7166b9144299d5fbd34a9b572c8,41,Yes
1595,9f41a7166b9144299d5fbd34a9b572c8,55,Yes
1596,9f41a7166b9144299d5fbd34a9b572c8,23,Yes
1597,9f41a7166b9144299d5fbd34a9b572c8,61,Yes
1598,9f41a7166b9144299d5fbd34a9b572c8,17,No
1599,9e5c490aff2149789d775ee50c0db240,65,Yes
1600,9e5c490aff2149789d775ee50c0db240,51,Yes
1601,9e5c490aff2149789d775ee50c0db240,23,No
1602,9e5c490aff2149789d775ee50c0db240,24,Yes
1603,9e5c490aff2149789d775ee50c0db240,100,No
1604,7a2fdfbe13ff4dc1b6a93d20772c40e1,29,No
1605,7a2fdfbe13ff4dc1b6a93d20772c40e1,11,No
1606,7a2fdfbe13ff4dc1b6a93d20772c40e1,58,Yes
1607,7a2fdfbe13ff4dc1b6a93d20772c40e1,41,No
1608,7a2fdfbe13ff4dc1b6a93d20772c40e1,55,Yes
1609,439950f58db94dedabc6f29106562a0e,45,Yes
1610,439950f58db94dedabc6f29106562a0e,18,Yes
1611,439950f58db94dedabc6f29106562a0e,89,Yes
1612,439950f58db94dedabc6f29106562a0e,92,No
1613,439950f58db94dedabc6f29106562a0e,19,Yes
1614,d47705a6a4cc4a2c9c8a153a8ae89d21,24,No
1615,d47705a6a4cc4a2c9c8a153a8ae89d21,62,Yes
1616,d47705a6a4cc4a2c9c8a153a8ae89d21,20,No
1617,d47705a6a4cc4a2c9c8a153a8ae89d21,60,Yes
1618,d47705a6a4cc4a2c9c8a153a8ae89d21,97,No
1619,330ca83621254beeafc1300a728c4faf,28,No
1620,330ca83621254beeafc1300a728c4faf,43,No
1621,330ca83621254beeafc1300a728c4faf,69,Yes
1622,330ca83621254beeafc1300a728c4faf,83,No
1623,330ca83621254beeafc1300a728c4faf,8,Yes
1624,6cdc3f9bd6b44f50851d07ab3b809672,18,Yes
1625,6cdc3f9bd6b44f50851d07ab3b809672,58,Yes
1626,6cdc3f9bd6b44f50851d07ab3b809672,41,No
1627,6cdc3f9bd6b44f50851d07ab3b809672,46,No
1628,6cdc3f9bd6b44f50851d07ab3b809672,90,No
1629,6a5b0f65379249ac8b201ed5580ef7e7,72,Yes
1630,6a5b0f65379249ac8b201ed5580ef7e7,59,No
1631,6a5b0f65379249ac8b201ed5580ef7e7,10,No
1632,6a5b0f65379249ac8b201ed5580ef7e7,26,No
1633,6a5b0f65379249ac8b201ed5580ef7e7,47,No
1634,b27ea3f735fe484f90141950445eaf4c,36,No
1635,b27ea3f735fe484f90141950445eaf4c,1,Yes
1636,b27ea3f735fe484f90141950445eaf4c,61,Yes
1637,b27ea3f735fe484f90141950445eaf4c,19,No
1638,b27ea3f735fe484f90141950445eaf4c,77,No
1639,b0119fd39597468aa98ad5f46c153b92,98,No
1640,b0119fd39597468aa98ad5f46c153b92,16,Yes
1641,b0119fd39597468aa98ad5f46c153b92,1,Yes
1642,b0119fd39597468aa98ad5f46c153b92,37,Yes
1643,b0119fd39597468aa98ad5f46c153b92,24,Yes
1644,72ce2a3560d64d819503480c271357a8,23,No
1645,72ce2a3560d64d819503480c271357a8,59,No
1646,72ce2a3560d64d819503480c271357a8,92,No
1647,72ce2a3560d64d819503480c271357a8,6,No
1648,72ce2a3560d64d819503480c271357a8,68,No
1649,b8ad6dcc79d34c62ad2008544ca4b4d5,99,No
1650,b8ad6dcc79d34c62ad2008544ca4b4d5,98,No
1651,b8ad6dcc79d34c62ad2008544ca4b4d5,36,Yes
1652,b8ad6dcc79d34c62ad2008544ca4b4d5,74,Yes
1653,b8ad6dcc79d34c62ad2008544ca4b4d5,56,Yes
1654,609b003dc7b143e8a8930f3a7f166e2c,7,Yes
1655,609b003dc7b143e8a8930f3a7f166e2c,98,No
1656,609b003dc7b143e8a8930f3a7f166e2c,40,Yes
1657,609b003dc7b143e8a8930f3a7f166e2c,26,Yes
1658,609b003dc7b143e8a8930f3a7f166e2c,24,No
1659,95cff717eb3b46f2a559e9b6ed4c45f4,20,No
1660,95cff717eb3b46f2a559e9b6ed4c45f4,67,No
1661,95cff717eb3b46f2a559e9b6ed4c45f4,12,No
1662,95cff717eb3b46f2a559e9b6ed4c45f4,76,No
1663,95cff717eb3b46f2a559e9b6ed4c45f4,77,No
1664,80bc29a8eaf04be08670f1043667f889,72,No
1665,80bc29a8eaf04be08670f1043667f889,46,No
1666,80bc29a8eaf04be08670f1043667f889,81,No
1667,80bc29a8eaf04be08670f1043667f889,57,Yes
1668,80bc29a8eaf04be08670f1043667f889,62,Yes
1669,92047f0a89864984be8f36e3a0aa6bad,36,Yes
1670,92047f0a89864984be8f36e3a0aa6bad,22,No
1671,92047f0a89864984be8f36e3a0aa6bad,51,Yes
1672,92047f0a89864984be8f36e3a0aa6bad,100,No
1673,92047f0a89864984be8f36e3a0aa6bad,2,Yes
1674,2da6b0e7d31745088e1fbd9fed0530d3,76,No
1675,2da6b0e7d31745088e1fbd9fed0530d3,57,Yes
1676,2da6b0e7d31745088e1fbd9fed0530d3,27,No
1677,2da6b0e7d31745088e1fbd9fed0530d3,45,No
1678,2da6b0e7d31745088e1fbd9fed0530d3,72,Yes
1679,1e5a0201cd2b49dabd12cb4b9b40cc4f,59,No
1680,1e5a0201cd2b49dabd12cb4b9b40cc4f,14,No
1681,1e5a0201cd2b49dabd12cb4b9b40cc4f,3,No
1682,1e5a0201cd2b49dabd12cb4b9b40cc4f,78,No
1683,1e5a0201cd2b49dabd12cb4b9b40cc4f,84,No
1684,6f4a791e5d044b23b247879b0dc3ab2d,77,No
1685,6f4a791e5d044b23b247879b0dc3ab2d,12,Yes
1686,6f4a791e5d044b23b247879b0dc3ab2d,15,Yes
1687,6f4a791e5d044b23b247879b0dc3ab2d,59,Yes
1688,6f4a791e5d044b23b247879b0dc3ab2d,8,Yes
1689,669e2d28ebbb41cca4e636b20d8a964e,48,No
1690,669e2d28ebbb41cca4e636b20d8a964e,79,No
1691,669e2d28ebbb41cca4e636b20d8a964e,37,Yes
1692,669e2d28ebbb41cca4e636b20d8a964e,89,Yes
1693,669e2d28ebbb41cca4e636b20d8a964e,24,Yes
1694,7bb8780ab7ad4a6facb27a81a3dac8e9,20,No
1695,7bb8780ab7ad4a6facb27a81a3dac8e9,45,No
1696,7bb8780ab7ad4a6facb27a81a3dac8e9,13,No
1697,7bb8780ab7ad4a6facb27a81a3dac8e9,28,No
1698,7bb8780ab7ad4a6facb27a81a3dac8e9,17,Yes
1699,b9bedc448e484d3c8fb54ca191355617,89,No
1700,b9bedc448e484d3c8fb54ca191355617,74,Yes
1701,b9bedc448e484d3c8fb54ca191355617,61,Yes
1702,b9bedc448e484d3c8fb54ca191355617,1,Yes
1703,b9bedc448e484d3c8fb54ca191355617,66,Yes
1704,3d66a9079f1c41a8b103f681510fa53b,41,Yes
1705,3d66a9079f1c41a8b103f681510fa53b,99,No
1706,3d66a9079f1c41a8b103f681510fa53b,28,Yes
1707,3d66a9079f1c41a8b103f681510fa53b,57,Yes
1708,3d66a9079f1c41a8b103f681510fa53b,44,Yes
1709,8fcac545a0224f6bb2db133ed7cb7bb4,89,No
1710,8fcac545a0224f6bb2db133ed7cb7bb4,84,No
1711,8fcac545a0224f6bb2db133ed7cb7bb4,58,No
1712,8fcac545a0224f6bb2db133ed7cb7bb4,67,No
1713,8fcac545a0224f6bb2db133ed7cb7bb4,40,No
1714,69d5d93c3c7b48659a72d0b7057c772a,12,No
1715,69d5d93c3c7b48659a72d0b7057c772a,61,Yes
1716,69d5d93c3c7b48659a72d0b7057c772a,17,No
1717,69d5d93c3c7b48659a72d0b7057c772a,51,Yes
1718,69d5d93c3c7b48659a72d0b7057c772a,42,No
1719,b92c0b6dcbb947ddb57e5b28f464ff80,55,Yes
1720,b92c0b6dcbb947ddb57e5b28f464ff80,86,No
1721,b92c0b6dcbb947ddb57e5b28f464ff80,68,Yes
1722,b92c0b6dcbb947ddb57e5b28f464ff80,41,Yes
1723,b92c0b6dcbb947ddb57e5b28f464ff80,25,Yes
1724,13b1eed2482146c6868830c2c6f41a98,75,Yes
1725,13b1eed2482146c6868830c2c6f41a98,5,Yes
1726,13b1eed2482146c6868830c2c6f41a98,93,No
1727,13b1eed2482146c6868830c2c6f41a98,51,Yes
1728,13b1eed2482146c6868830c2c6f41a98,90,No
1729,43e37bb598fe4b97939768cc67d179cf,64,Yes
1730,43e37bb598fe4b97939768cc67d179cf,96,No
1731,43e37bb598fe4b97939768cc67d179cf,79,No
1732,43e37bb598fe4b97939768cc67d179cf,73,Yes
1733,43e37bb598fe4b97939768cc67d179cf,11,No
1734,e5546840c1714375a3275fb28cb26b18,17,No
1735,e5546840c1714375a3275fb28cb26b18,29,Yes
1736,e5546840c1714375a3275fb28cb26b18,85,No
1737,e5546840c1714375a3275fb28cb26b18,46,No
1738,e5546840c1714375a3275fb28cb26b18,86,No
1739,adae97be4be74074840ad0ec02bc4031,54,Yes
1740,adae97be4be74074840ad0ec02bc4031,28,Yes
1741,adae97be4be74074840ad0ec02bc4031,88,No
1742,adae97be4be74074840ad0ec02bc4031,34,No
1743,adae97be4be74074840ad0ec02bc4031,20,Yes
1744,64d0f77c23c4490c9f5c3b64a6250d7b,10,Yes
1745,64d0f77c23c4490c9f5c3b64a6250d7b,91,Yes
1746,64d0f77c23c4490c9f5c3b64a6250d7b,37,Yes
1747,64d0f77c23c4490c9f5c3b64a6250d7b,27,Yes
1748,64d0f77c23c4490c9f5c3b64a6250d7b,14,No
1749,79eadd067d0d40ebabfc8325ee810352,90,No
1750,79eadd067d0d40ebabfc8325ee810352,12,Yes
1751,79eadd067d0d40ebabfc8325ee810352,42,Yes
1752,79eadd067d0d40ebabfc8325ee810352,72,Yes
1753,79eadd067d0d40ebabfc8325ee810352,19,No
1754,0868d4a6717746228c0f68f35b6144b8,28,Yes
1755,0868d4a6717746228c0f68f35b6144b8,85,No
1756,0868d4a6717746228c0f68f35b6144b8,53,Yes
1757,0868d4a6717746228c0f68f35b6144b8,68,Yes
1758,0868d4a6717746228c0f68f35b6144b8,66,Yes
1759,71c10a7e6da843e58ae182c872f0700a,39,Yes
1760,71c10a7e6da843e58ae182c872f0700a,58,Yes
1761,71c10a7e6da843e58ae182c872f0700a,21,No
1762,71c10a7e6da843e58ae182c872f0700a,73,No
1763,71c10a7e6da843e58ae182c872f0700a,3,Yes
1764,801a4918183a4e05bfce1eaa9899203d,48,Yes
1765,801a4918183a4e05bfce1eaa9899203d,14,No
1766,801a4918183a4e05bfce1eaa9899203d,75,Yes
1767,801a4918183a4e05bfce1eaa9899203d,8,Yes
1768,801a4918183a4e05bfce1eaa9899203d,86,No
1769,00dca354e3b8439bb3fd52a1f89ebaf8,17,Yes
1770,00dca354e3b8439bb3fd52a1f89ebaf8,86,No
1771,00dca354e3b8439bb3fd52a1f89ebaf8,76,No
1772,00dca354e3b8439bb3fd52a1f89ebaf8,24,Yes
1773,00dca354e3b8439bb3fd52a1f89ebaf8,89,No
1774,e0b1acda3fca4a8cad7c6b0bca1a742b,31,Yes
1775,e0b1acda3fca4a8cad7c6b0bca1a742b,67,No
1776,e0b1acda3fca4a8cad7c6b0bca1a742b,69,No
1777,e0b1acda3fca4a8cad7c6b0bca1a742b,44,No
1778,e0b1acda3fca4a8cad7c6b0bca1a742b,76,No
1779,512fca52400c47d79e2d4985065bd381,80,Yes
1780,512fca52400c47d79e2d4985065bd381,82,Yes
1781,512fca52400c47d79e2d4985065bd381,90,Yes
1782,512fca52400c47d79e2d4985065bd381,14,Yes
1783,512fca52400c47d79e2d4985065bd381,46,Yes
1784,3751d45cec9a404bb162939e6138253b,51,Yes
1785,3751d45cec9a404bb162939e6138253b,30,No
1786,3751d45cec9a404bb162939e6138253b,10,Yes
1787,3751d45cec9a404bb162939e6138253b,87,No
1788,3751d45cec9a404bb162939e6138253b,4,No
1789,26cc49f631fa4c86b937855a39995bf2,75,Yes
1790,26cc49f631fa4c86b937855a39995bf2,23,Yes
1791,26cc49f631fa4c86b937855a39995bf2,74,Yes
1792,26cc49f631fa4c86b937855a39995bf2,81,No
1793,26cc49f631fa4c86b937855a39995bf2,98,No
1794,9537a780d8c24e4dbb6043eeb055a2e4,21,Yes
1795,9537a780d8c24e4dbb6043eeb055a2e4,5,Yes
1796,9537a780d8c24e4dbb6043eeb055a2e4,100,No
1797,9537a780d8c24e4dbb6043eeb055a2e4,81,No
1798,9537a780d8c24e4dbb6043eeb055a2e4,49,Yes
1799,c2af6cdece2847b5b800e1ea594ed200,3,No
1800,c2af6cdece2847b5b800e1ea594ed200,30,No
1801,c2af6cdece2847b5b800e1ea594ed200,68,Yes
1802,c2af6cdece2847b5b800e1ea594ed200,10,No
1803,c2af6cdece2847b5b800e1ea594ed200,11,No
1804,8eb33f1eb75041beb660f0056459e5da,14,Yes
1805,8eb33f1eb75041beb660f0056459e5da,19,No
1806,8eb33f1eb75041beb660f0056459e5da,33,Yes
1807,8eb33f1eb75041beb660f0056459e5da,2,Yes
1808,8eb33f1eb75041beb660f0056459e5da,23,Yes
1809,2415170715b94a7aae428c307d506e34,60,Yes
1810,2415170715b94a7aae428c307d506e34,8,Yes
1811,2415170715b94a7aae428c307d506e34,96,No
1812,2415170715b94a7aae428c307d506e34,39,Yes
1813,2415170715b94a7aae428c307d506e34,81,No
1814,d9235318251c4ea18fb6903553425731,72,Yes
1815,d9235318251c4ea18fb6903553425731,54,Yes
1816,d9235318251c4ea18fb6903553425731,96,No
1817,d9235318251c4ea18fb6903553425731,90,No
1818,d9235318251c4ea18fb6903553425731,68,Yes
1819,641d8ec8101d41a496a0ecc2b459379f,98,Yes
1820,641d8ec8101d41a496a0ecc2b459379f,54,Yes
1821,641d8ec8101d41a496a0ecc2b459379f,33,Yes
1822,641d8ec8101d41a496a0ecc2b459379f,42,Yes
1823,641d8ec8101d41a496a0ecc2b459379f,70,Yes
1824,3af7132071b84a6494c1b7430df11b0f,49,No
1825,3af7132071b84a6494c1b7430df11b0f,1,No
1826,3af7132071b84a6494c1b7430df11b0f,86,No
1827,3af7132071b84a6494c1b7430df11b0f,33,No
1828,3af7132071b84a6494c1b7430df11b0f,60,Yes
1829,a4ace3ea00614d188261769f882f2a9d,73,Yes
1830,a4ace3ea00614d188261769f882f2a9d,51,Yes
1831,a4ace3ea00614d188261769f882f2a9d,72,Yes
1832,a4ace3ea00614d188261769f882f2a9d,86,No
1833,a4ace3ea00614d188261769f882f2a9d,12,Yes
1834,6b3d3d95e426479f8dd3b7ac44ea6f32,29,Yes
1835,6b3d3d95e426479f8dd3b7ac44ea6f32,41,Yes
1836,6b3d3d95e426479f8dd3b7ac44ea6f32,100,No
1837,6b3d3d95e426479f8dd3b7ac44ea6f32,66,No
1838,6b3d3d95e426479f8dd3b7ac44ea6f32,46,Yes
1839,27111d4607de415b9efeb7b4a559a9fc,37,Yes
1840,27111d4607de415b9efeb7b4a559a9fc,82,No
1841,27111d4607de415b9efeb7b4a559a9fc,55,Yes
1842,27111d4607de415b9efeb7b4a559a9fc,15,Yes
1843,27111d4607de415b9efeb7b4a559a9fc,17,No
1844,c85bb8db94c441fca42ac5f99f23a4cb,34,Yes
1845,c85bb8db94c441fca42ac5f99f23a4cb,6,Yes
1846,c85bb8db94c441fca42ac5f99f23a4cb,26,Yes
1847,c85bb8db94c441fca42ac5f99f23a4cb,87,No
1848,c85bb8db94c441fca42ac5f99f23a4cb,4,Yes
1849,978293698757471682fbbba99a3c319e,49,No
1850,978293698757471682fbbba99a3c319e,94,No
1851,978293698757471682fbbba99a3c319e,95,No
1852,978293698757471682fbbba99a3c319e,19,No
1853,978293698757471682fbbba99a3c319e,24,No
1854,633d5810a89f463eab4021243fe6c7cf,31,Yes
1855,633d5810a89f463eab4021243fe6c7cf,50,No
1856,633d5810a89f463eab4021243fe6c7cf,84,Yes
1857,633d5810a89f463eab4021243fe6c7cf,98,No
1858,633d5810a89f463eab4021243fe6c7cf,47,Yes
1859,91d9655ca1854f0a81a2347cae7ae665,34,Yes
1860,91d9655ca1854f0a81a2347cae7ae665,50,No
1861,91d9655ca1854f0a81a2347cae7ae665,57,Yes
1862,91d9655ca1854f0a81a2347cae7ae665,65,Yes
1863,91d9655ca1854f0a81a2347cae7ae665,35,Yes
1864,9e3a910cae9d460db18dd457813ee265,51,Yes
1865,9e3a910cae9d460db18dd457813ee265,34,Yes
1866,9e3a910cae9d460db18dd457813ee265,57,Yes
1867,9e3a910cae9d460db18dd457813ee265,98,No
1868,9e3a910cae9d460db18dd457813ee265,87,No
1869,91170ae3414d48dab5b6a15bc822e472,75,Yes
1870,91170ae3414d48dab5b6a15bc822e472,93,No
1871,91170ae3414d48dab5b6a15bc822e472,33,Yes
1872,91170ae3414d48dab5b6a15bc822e472,4,Yes
1873,91170ae3414d48dab5b6a15bc822e472,46,Yes
1874,cb5b175c1c754e1b8c814e2d6b2dfe86,12,No
1875,cb5b175c1c754e1b8c814e2d6b2dfe86,32,Yes
1876,cb5b175c1c754e1b8c814e2d6b2dfe86,35,Yes
1877,cb5b175c1c754e1b8c814e2d6b2dfe86,26,Yes
1878,cb5b175c1c754e1b8c814e2d6b2dfe86,52,Yes
1879,094315f26acb46af8bec19000b650569,48,Yes
1880,094315f26acb46af8bec19000b650569,13,No
1881,094315f26acb46af8bec19000b650569,61,Yes
1882,094315f26acb46af8bec19000b650569,8,Yes
1883,094315f26acb46af8bec19000b650569,80,No
1884,6146ca12f56d47f19ba477d0fa2b1800,92,No
1885,6146ca12f56d47f19ba477d0fa2b1800,72,Yes
1886,6146ca12f56d47f19ba477d0fa2b1800,99,No
1887,6146ca12f56d47f19ba477d0fa2b1800,48,Yes
1888,6146ca12f56d47f19ba477d0fa2b1800,68,Yes
1889,6365596690a245faa61421a6daceb0c8,74,Yes
1890,6365596690a245faa61421a6daceb0c8,14,No
1891,6365596690a245faa61421a6daceb0c8,59,Yes
1892,6365596690a245faa61421a6daceb0c8,38,Yes
1893,6365596690a245faa61421a6daceb0c8,20,No
1894,b3376f3040e045f5bd89dbcc4abc7ad9,3,No
1895,b3376f3040e045f5bd89dbcc4abc7ad9,50,No
1896,b3376f3040e045f5bd89dbcc4abc7ad9,93,No
1897,b3376f3040e045f5bd89dbcc4abc7ad9,63,Yes
1898,b3376f3040e045f5bd89dbcc4abc7ad9,2,No
1899,d5c5bca4f0864b8c88ae1694f2ad5651,6,Yes
1900,d5c5bca4f0864b8c88ae1694f2ad5651,57,Yes
1901,d5c5bca4f0864b8c88ae1694f2ad5651,29,Yes
1902,d5c5bca4f0864b8c88ae1694f2ad5651,49,Yes
1903,d5c5bca4f0864b8c88ae1694f2ad5651,70,Yes
1904,ddef1ed662d344d09bb2ebe48eca95ce,21,Yes
1905,ddef1ed662d344d09bb2ebe48eca95ce,46,Yes
1906,ddef1ed662d344d09bb2ebe48eca95ce,73,Yes
1907,ddef1ed662d344d09bb2ebe48eca95ce,17,Yes
1908,ddef1ed662d344d09bb2ebe48eca95ce,9,Yes
1909,a3dcee77babe4ebf8080725f744aeae8,1,Yes
1910,a3dcee77babe4ebf8080725f744aeae8,45,No
1911,a3dcee77babe4ebf8080725f744aeae8,24,No
1912,a3dcee77babe4ebf8080725f744aeae8,5,Yes
1913,a3dcee77babe4ebf8080725f744aeae8,50,No
1914,8ec8ed5cf40845d68ad8071ef73d8ba0,5,Yes
1915,8ec8ed5cf40845d68ad8071ef73d8ba0,88,No
1916,8ec8ed5cf40845d68ad8071ef73d8ba0,19,Yes
1917,8ec8ed5cf40845d68ad8071ef73d8ba0,53,Yes
1918,8ec8ed5cf40845d68ad8071ef73d8ba0,12,Yes
1919,34b5225d17fa4994b43d17297a57513b,56,Yes
1920,34b5225d17fa4994b43d17297a57513b,81,No
1921,34b5225d17fa4994b43d17297a57513b,77,No
1922,34b5225d17fa4994b43d17297a57513b,90,No
1923,34b5225d17fa4994b43d17297a57513b,41,Yes
1924,03b2b03ff8004395a021c33df2f04ec2,5,Yes
1925,03b2b03ff8004395a021c33df2f04ec2,25,No
1926,03b2b03ff8004395a021c33df2f04ec2,39,No
1927,03b2b03ff8004395a021c33df2f04ec2,35,No
1928,03b2b03ff8004395a021c33df2f04ec2,27,No
1929,e16d7f5b33f24d9196fa0ca4c1736b64,21,Yes
1930,e16d7f5b33f24d9196fa0ca4c1736b64,51,Yes
1931,e16d7f5b33f24d9196fa0ca4c1736b64,42,Yes
1932,e16d7f5b33f24d9196fa0ca4c1736b64,5,No
1933,e16d7f5b33f24d9196fa0ca4c1736b64,13,No
1934,7bae9e761fb4419083b2170cabb1c3ab,64,Yes
1935,7bae9e761fb4419083b2170cabb1c3ab,87,No
1936,7bae9e761fb4419083b2170cabb1c3ab,83,No
1937,7bae9e761fb4419083b2170cabb1c3ab,96,No
1938,7bae9e761fb4419083b2170cabb1c3ab,43,No
1939,dcbafc5d58c9453f8985aeca0262be53,27,No
1940,dcbafc5d58c9453f8985aeca0262be53,54,Yes
1941,dcbafc5d58c9453f8985aeca0262be53,42,No
1942,dcbafc5d58c9453f8985aeca0262be53,23,No
1943,dcbafc5d58c9453f8985aeca0262be53,14,Yes
1944,378f36b911cf4f398c4be9f28b79fb08,35,Yes
1945,378f36b911cf4f398c4be9f28b79fb08,32,Yes
1946,378f36b911cf4f398c4be9f28b79fb08,38,Yes
1947,378f36b911cf4f398c4be9f28b79fb08,75,Yes
1948,378f36b911cf4f398c4be9f28b79fb08,84,No
1949,fdb4d35dfd054838b585a3141a31be48,4,Yes
1950,fdb4d35dfd054838b585a3141a31be48,6,No
1951,fdb4d35dfd054838b585a3141a31be48,63,No
1952,fdb4d35dfd054838b585a3141a31be48,15,No
1953,fdb4d35dfd054838b585a3141a31be48,48,No
1954,583809d1dcc44d1c8290dc29790ed844,86,No
1955,583809d1dcc44d1c8290dc29790ed844,35,No
1956,583809d1dcc44d1c8290dc29790ed844,90,No
1957,583809d1dcc44d1c8290dc29790ed844,61,Yes
1958,583809d1dcc44d1c8290dc29790ed844,59,Yes
1959,40c3962412194f318c38a320fcc645a1,88,No
1960,40c3962412194f318c38a320fcc645a1,98,Yes
1961,40c3962412194f318c38a320fcc645a1,73,Yes
1962,40c3962412194f318c38a320fcc645a1,32,No
1963,40c3962412194f318c38a320fcc645a1,97,No
1964,7c65dec1ffed4469ad857457101570a9,40,No
1965,7c65dec1ffed4469ad857457101570a9,83,No
1966,7c65dec1ffed4469ad857457101570a9,58,No
1967,7c65dec1ffed4469ad857457101570a9,76,No
1968,7c65dec1ffed4469ad857457101570a9,19,No
1969,7f7429be0fb94cbd98023515b3f739c3,3,No
1970,7f7429be0fb94cbd98023515b3f739c3,37,Yes
1971,7f7429be0fb94cbd98023515b3f739c3,48,No
1972,7f7429be0fb94cbd98023515b3f739c3,28,No
1973,7f7429be0fb94cbd98023515b3f739c3,66,No
1974,a18e16284b7a4729872ee47b8ef1357f,98,No
1975,a18e16284b7a4729872ee47b8ef1357f,91,No
1976,a18e16284b7a4729872ee47b8ef1357f,25,Yes
1977,a18e16284b7a4729872ee47b8ef1357f,1,Yes
1978,a18e16284b7a4729872ee47b8ef1357f,86,No
1979,4ec9da1382b546cdb46bc4586bf9abee,53,Yes
1980,4ec9da1382b546cdb46bc4586bf9abee,81,No
1981,4ec9da1382b546cdb46bc4586bf9abee,15,Yes
1982,4ec9da1382b546cdb46bc4586bf9abee,94,No
1983,4ec9da1382b546cdb46bc4586bf9abee,77,No
1984,1c450e2b42114ee3bf41a196420c41ea,22,No
1985,1c450e2b42114ee3bf41a196420c41ea,12,No
1986,1c450e2b42114ee3bf41a196420c41ea,49,No
1987,1c450e2b42114ee3bf41a196420c41ea,25,No
1988,1c450e2b42114ee3bf41a196420c41ea,30,No
1989,df446da572f2451c991e04df0088d4f5,26,Yes
1990,df446da572f2451c991e04df0088d4f5,20,Yes
1991,df446da572f2451c991e04df0088d4f5,18,Yes
1992,df446da572f2451c991e04df0088d4f5,39,Yes
1993,df446da572f2451c991e04df0088d4f5,13,Yes
1994,ab6c8f98592c4d35aa0465d3f471c6fb,49,Yes
1995,ab6c8f98592c4d35aa0465d3f471c6fb,2,Yes
1996,ab6c8f98592c4d35aa0465d3f471c6fb,53,Yes
1997,ab6c8f98592c4d35aa0465d3f471c6fb,26,No
1998,ab6c8f98592c4d35aa0465d3f471c6fb,43,No
1999,5286df15e0fe4411b02c9538ef162f3d,35,Yes
2000,5286df15e0fe4411b02c9538ef162f3d,5,No
2001,5286df15e0fe4411b02c9538ef162f3d,9,Yes
2002,5286df15e0fe4411b02c9538ef162f3d,84,No
2003,5286df15e0fe4411b02c9538ef162f3d,75,No
2004,b07ff53bc88545e7a9a7cbf8d9edc381,42,Yes
2005,b07ff53bc88545e7a9a7cbf8d9edc381,75,Yes
2006,b07ff53bc88545e7a9a7cbf8d9edc381,68,Yes
2007,b07ff53bc88545e7a9a7cbf8d9edc381,72,Yes
2008,b07ff53bc88545e7a9a7cbf8d9edc381,4,Yes
2009,a6bb48295f824c28aa25dd6d7af8408b,56,Yes
2010,a6bb48295f824c28aa25dd6d7af8408b,65,Yes
2011,a6bb48295f824c28aa25dd6d7af8408b,40,No
2012,a6bb48295f824c28aa25dd6d7af8408b,28,No
2013,a6bb48295f824c28aa25dd6d7af8408b,79,No
2014,fc93d69cdf694e2ab5d5a6957d0fc2cb,66,No
2015,fc93d69cdf694e2ab5d5a6957d0fc2cb,96,No
2016,fc93d69cdf694e2ab5d5a6957d0fc2cb,29,No
2017,fc93d69cdf694e2ab5d5a6957d0fc2cb,7,No
2018,fc93d69cdf694e2ab5d5a6957d0fc2cb,2,No
2019,e3c0b0f87abb4ffab27a16feb383dfa1,24,No
2020,e3c0b0f87abb4ffab27a16feb383dfa1,16,No
2021,e3c0b0f87abb4ffab27a16feb383dfa1,77,No
2022,e3c0b0f87abb4ffab27a16feb383dfa1,70,No
2023,e3c0b0f87abb4ffab27a16feb383dfa1,96,No
2024,a1fdfe25bf3149bd9fae1f5a056b487e,84,No
2025,a1fdfe25bf3149bd9fae1f5a056b487e,92,No
2026,a1fdfe25bf3149bd9fae1f5a056b487e,53,Yes
2027,a1fdfe25bf3149bd9fae1f5a056b487e,24,No
2028,a1fdfe25bf3149bd9fae1f5a056b487e,12,No
2029,a73b098952bb421dba72d112a03f1c8c,1,No
2030,a73b098952bb421dba72d112a03f1c8c,30,Yes
2031,a73b098952bb421dba72d112a03f1c8c,68,Yes
2032,a73b098952bb421dba72d112a03f1c8c,17,No
2033,a73b098952bb421dba72d112a03f1c8c,2,No
2034,b2579ac2a7554241a34624bfd829d47b,40,No
2035,b2579ac2a7554241a34624bfd829d47b,68,Yes
2036,b2579ac2a7554241a34624bfd829d47b,86,No
2037,b2579ac2a7554241a34624bfd829d47b,66,Yes
2038,b2579ac2a7554241a34624bfd829d47b,80,No
2039,4903850b47274b4bb340689a839f90c0,93,No
2040,4903850b47274b4bb340689a839f90c0,17,Yes
2041,4903850b47274b4bb340689a839f90c0,2,Yes
2042,4903850b47274b4bb340689a839f90c0,85,No
2043,4903850b47274b4bb340689a839f90c0,42,Yes
2044,20f5b41ab42f496e9d801bc74a19ae97,64,No
2045,20f5b41ab42f496e9d801bc74a19ae97,5,No
2046,20f5b41ab42f496e9d801bc74a19ae97,69,No
2047,20f5b41ab42f496e9d801bc74a19ae97,43,No
2048,20f5b41ab42f496e9d801bc74a19ae97,27,No
2049,5a85a583a9a647fdb2313c1fa5314808,43,Yes
2050,5a85a583a9a647fdb2313c1fa5314808,22,No
2051,5a85a583a9a647fdb2313c1fa5314808,56,Yes
2052,5a85a583a9a647fdb2313c1fa5314808,96,No
2053,5a85a583a9a647fdb2313c1fa5314808,7,Yes
2054,08d5ad9497744c0a998c8496033af689,20,No
2055,08d5ad9497744c0a998c8496033af689,46,Yes
2056,08d5ad9497744c0a998c8496033af689,72,Yes
2057,08d5ad9497744c0a998c8496033af689,73,No
2058,08d5ad9497744c0a998c8496033af689,36,No
2059,740f131ed3bf4fee8f6b6fd3b09face2,38,Yes
2060,740f131ed3bf4fee8f6b6fd3b09face2,97,No
2061,740f131ed3bf4fee8f6b6fd3b09face2,77,No
2062,740f131ed3bf4fee8f6b6fd3b09face2,71,Yes
2063,740f131ed3bf4fee8f6b6fd3b09face2,34,Yes
2064,6319f5e1847044808f97efbe73d00882,8,No
2065,6319f5e1847044808f97efbe73d00882,29,No
2066,6319f5e1847044808f97efbe73d00882,43,No
2067,6319f5e1847044808f97efbe73d00882,20,No
2068,6319f5e1847044808f97efbe73d00882,86,No
2069,86419c66e88143059ec17b4920d07b38,3,Yes
2070,86419c66e88143059ec17b4920d07b38,8,Yes
2071,86419c66e88143059ec17b4920d07b38,91,No
2072,86419c66e88143059ec17b4920d07b38,79,No
2073,86419c66e88143059ec17b4920d07b38,18,Yes
2074,31e2ff993b7c498d8dd0634c68c6020f,10,Yes
2075,31e2ff993b7c498d8dd0634c68c6020f,64,Yes
2076,31e2ff993b7c498d8dd0634c68c6020f,84,No
2077,31e2ff993b7c498d8dd0634c68c6020f,55,Yes
2078,31e2ff993b7c498d8dd0634c68c6020f,17,No
2079,e3ad16170b4a4f3e94b2dc433d2fe3f3,58,Yes
2080,e3ad16170b4a4f3e94b2dc433d2fe3f3,93,No
2081,e3ad16170b4a4f3e94b2dc433d2fe3f3,18,No
2082,e3ad16170b4a4f3e94b2dc433d2fe3f3,12,No
2083,e3ad16170b4a4f3e94b2dc433d2fe3f3,37,Yes
2084,25f9f4960c874e88a8b52f075c533d89,20,Yes
2085,25f9f4960c874e88a8b52f075c533d89,6,Yes
2086,25f9f4960c874e88a8b52f075c533d89,19,No
2087,25f9f4960c874e88a8b52f075c533d89,96,No
2088,25f9f4960c874e88a8b52f075c533d89,32,Yes
2089,c64d56581a6349e8b11387caa0b7b7a4,84,No
2090,c64d56581a6349e8b11387caa0b7b7a4,66,Yes
2091,c64d56581a6349e8b11387caa0b7b7a4,95,No
2092,c64d56581a6349e8b11387caa0b7b7a4,34,Yes
2093,c64d56581a6349e8b11387caa0b7b7a4,87,No
2094,419a0ae72e1b4070a5160b4a1a5c226f,82,No
2095,419a0ae72e1b4070a5160b4a1a5c226f,27,Yes
2096,419a0ae72e1b4070a5160b4a1a5c226f,64,Yes
2097,419a0ae72e1b4070a5160b4a1a5c226f,85,No
2098,419a0ae72e1b4070a5160b4a1a5c226f,29,Yes
2099,a04135150b3b4f2da9ba334ea61e62be,63,Yes
2100,a04135150b3b4f2da9ba334ea61e62be,89,No
2101,a04135150b3b4f2da9ba334ea61e62be,20,Yes
2102,a04135150b3b4f2da9ba334ea61e62be,1,Yes
2103,a04135150b3b4f2da9ba334ea61e62be,58,Yes
2104,9a55b494ca524a95bd891d2b05e3f149,86,No
2105,9a55b494ca524a95bd891d2b05e3f149,58,Yes
2106,9a55b494ca524a95bd891d2b05e3f149,21,Yes
2107,9a55b494ca524a95bd891d2b05e3f149,11,No
2108,9a55b494ca524a95bd891d2b05e3f149,9,Yes
2109,2f8c6efaffd243498c9576d5eee87aaa,11,No
2110,2f8c6efaffd243498c9576d5eee87aaa,47,No
2111,2f8c6efaffd243498c9576d5eee87aaa,74,Yes
2112,2f8c6efaffd243498c9576d5eee87aaa,24,Yes
2113,2f8c6efaffd243498c9576d5eee87aaa,14,No
2114,d1662ad9c314463fa6951c9e7f5be475,7,Yes
2115,d1662ad9c314463fa6951c9e7f5be475,53,Yes
2116,d1662ad9c314463fa6951c9e7f5be475,22,No
2117,d1662ad9c314463fa6951c9e7f5be475,64,Yes
2118,d1662ad9c314463fa6951c9e7f5be475,38,No
2119,05110fcae4f2443e890d9a6b482457d8,37,No
2120,05110fcae4f2443e890d9a6b482457d8,59,Yes
2121,05110fcae4f2443e890d9a6b482457d8,91,No
2122,05110fcae4f2443e890d9a6b482457d8,40,No
2123,05110fcae4f2443e890d9a6b482457d8,27,Yes
